﻿<?xml version="1.0" encoding="ISO-8859-1"?>
<root>
	<item id="Title"><![CDATA[Discuz! Plugin]]></item>
	<item id="Version"><![CDATA[X2,X2.5,X3,X3.1,X3.2,F1.0,L1.0,X3.3,X3.4]]></item>
	<item id="Time"><![CDATA[2017-10-05 11:33]]></item>
	<item id="From"><![CDATA[源码哥（www.ymg6.com）]]></item>
	<item id="Data">
		<item id="plugin">
			<item id="available"><![CDATA[1]]></item>
			<item id="adminid"><![CDATA[1]]></item>
			<item id="name"><![CDATA[源码哥_[1314]首页N格]]></item>
			<item id="identifier"><![CDATA[study_nge]]></item>
			<item id="description"><![CDATA[使用问题请到1314学习网反馈：http://www.1314study.com]]></item>
			<item id="datatables"><![CDATA[]]></item>
			<item id="directory"><![CDATA[study_nge/]]></item>
			<item id="copyright"><![CDATA[源码哥（www.ymg6.com）]]></item>
			<item id="version"><![CDATA[s2.7.3]]></item>
			<item id="__modules">
				<item id="0">
					<item id="name"><![CDATA[nge]]></item>
					<item id="menu"><![CDATA[]]></item>
					<item id="url"><![CDATA[]]></item>
					<item id="type"><![CDATA[11]]></item>
					<item id="adminid"><![CDATA[0]]></item>
					<item id="displayorder"><![CDATA[1]]></item>
					<item id="navtitle"><![CDATA[]]></item>
					<item id="navicon"><![CDATA[]]></item>
					<item id="navsubname"><![CDATA[]]></item>
					<item id="navsuburl"><![CDATA[]]></item>
				</item>
				<item id="1">
					<item id="name"><![CDATA[manage]]></item>
					<item id="menu"><![CDATA[高级设置]]></item>
					<item id="url"><![CDATA[]]></item>
					<item id="type"><![CDATA[3]]></item>
					<item id="adminid"><![CDATA[0]]></item>
					<item id="displayorder"><![CDATA[1]]></item>
					<item id="navtitle"><![CDATA[]]></item>
					<item id="navicon"><![CDATA[]]></item>
					<item id="navsubname"><![CDATA[]]></item>
					<item id="navsuburl"><![CDATA[]]></item>
				</item>
				<item id="2">
					<item id="name"><![CDATA[admincp]]></item>
					<item id="menu"><![CDATA[<b style=color:red>更新缓存</b>]]></item>
					<item id="url"><![CDATA[]]></item>
					<item id="type"><![CDATA[3]]></item>
					<item id="adminid"><![CDATA[0]]></item>
					<item id="displayorder"><![CDATA[2]]></item>
					<item id="navtitle"><![CDATA[]]></item>
					<item id="navicon"><![CDATA[]]></item>
					<item id="navsubname"><![CDATA[]]></item>
					<item id="navsuburl"><![CDATA[]]></item>
				</item>
				<item id="3">
					<item id="name"><![CDATA[wsqcp]]></item>
					<item id="menu"><![CDATA[微社区设置]]></item>
					<item id="url"><![CDATA[]]></item>
					<item id="type"><![CDATA[3]]></item>
					<item id="adminid"><![CDATA[0]]></item>
					<item id="displayorder"><![CDATA[3]]></item>
					<item id="navtitle"><![CDATA[]]></item>
					<item id="navicon"><![CDATA[]]></item>
					<item id="navsubname"><![CDATA[]]></item>
					<item id="navsuburl"><![CDATA[]]></item>
				</item>
				<item id="4">
					<item id="name"><![CDATA[feedback]]></item>
					<item id="menu"><![CDATA[<b style=color:green>问题反馈</b>]]></item>
					<item id="url"><![CDATA[]]></item>
					<item id="type"><![CDATA[3]]></item>
					<item id="adminid"><![CDATA[0]]></item>
					<item id="displayorder"><![CDATA[4]]></item>
					<item id="navtitle"><![CDATA[]]></item>
					<item id="navicon"><![CDATA[]]></item>
					<item id="navsubname"><![CDATA[]]></item>
					<item id="navsuburl"><![CDATA[]]></item>
				</item>
				<item id="5">
					<item id="name"><![CDATA[addon]]></item>
					<item id="menu"><![CDATA[<font color=red>获取更多插件</font>]]></item>
					<item id="url"><![CDATA[]]></item>
					<item id="type"><![CDATA[3]]></item>
					<item id="adminid"><![CDATA[0]]></item>
					<item id="displayorder"><![CDATA[6]]></item>
					<item id="navtitle"><![CDATA[]]></item>
					<item id="navicon"><![CDATA[]]></item>
					<item id="navsubname"><![CDATA[]]></item>
					<item id="navsuburl"><![CDATA[]]></item>
				</item>
				<item id="1999">
					<item id="name"><![CDATA[admincp_addonymg]]></item>
					<item id="menu"><![CDATA[<span style="color:#E53333;"><b>使用教程</b></span>]]></item>
					<item id="url"><![CDATA[]]></item>
					<item id="type"><![CDATA[3]]></item>
					<item id="adminid"><![CDATA[0]]></item>
					<item id="displayorder"><![CDATA[0]]></item>
					<item id="navtitle"><![CDATA[]]></item>
					<item id="navicon"><![CDATA[]]></item>
					<item id="navsubname"><![CDATA[]]></item>
					<item id="navsuburl"><![CDATA[]]></item>
				</item>
			</item>
		</item>
		<item id="version"><![CDATA[X2,X2.5,X3,X3.1,X3.2,F1.0,L1.0,X3.3,X3.4]]></item>
		<item id="var">
			<item id="0">
				<item id="displayorder"><![CDATA[1]]></item>
				<item id="title"><![CDATA[[公共]缓存总开关]]></item>
				<item id="description"><![CDATA[开启此开关后下边的缓存设置才有效，即这里可以直接关闭所有缓存]]></item>
				<item id="variable"><![CDATA[cache_radio]]></item>
				<item id="type"><![CDATA[radio_1314]]></item>
				<item id="value"><![CDATA[1]]></item>
				<item id="extra"><![CDATA[]]></item>
			</item>
			<item id="1">
				<item id="displayorder"><![CDATA[2]]></item>
				<item id="title"><![CDATA[[公共]使用的模板]]></item>
				<item id="description"><![CDATA[]]></item>
				<item id="variable"><![CDATA[template_default]]></item>
				<item id="type"><![CDATA[select_1314]]></item>
				<item id="value"><![CDATA[default]]></item>
				<item id="extra"><![CDATA[default = 默认模板
phpwind =phpwind经典模板
xshow = kk_xshow默认模板]]></item>
			</item>
			<item id="2">
				<item id="displayorder"><![CDATA[3]]></item>
				<item id="title"><![CDATA[[公共]扩展配色设置]]></item>
				<item id="description"><![CDATA[]]></item>
				<item id="variable"><![CDATA[common_extstyle]]></item>
				<item id="type"><![CDATA[select_1314]]></item>
				<item id="value"><![CDATA[auto]]></item>
				<item id="extra"><![CDATA[auto = 插件自动识别当前模板配色（有误差）
zdy = 自定义模板配色（自己填写css）
1 = 蓝色
2 = 红色
3 = 青色
4 = 橙色
5 = 紫色
6 = 白色]]></item>
			</item>
			<item id="3">
				<item id="displayorder"><![CDATA[4]]></item>
				<item id="title"><![CDATA[[公共]自定义配色CSS]]></item>
				<item id="description"><![CDATA[仅当“扩展配色”设置为自定义模板配色时有效。如果你不了解CSS，请不要随意修改。]]></item>
				<item id="variable"><![CDATA[common_extstyle_zdy]]></item>
				<item id="type"><![CDATA[textarea_1314]]></item>
				<item id="value"><![CDATA[.study_nge_zdy .nge_inactive{ background: #E5EDF2 url("source/plugin/study_nge/images/titlebg.png") repeat-x 0 0;  border-right:1px solid #C2D5E3;border-bottom:1px solid #C2D5E3;}
.study_nge_zdy .nge_active{  border-right:1px solid #C2D5E3;}
.study_nge_zdy .nge_border_left{border-left:1px solid #C2D5E3;}
.study_nge_zdy .nge_border_right{border-right:1px solid #C2D5E3;}
.study_nge_zdy .nge_border{border:1px solid #C2D5E3;}
.study_nge_zdy .bm_h {border-width: 1px 0;background: #E5EDF2 url("source/plugin/study_nge/images/titlebg.png") repeat-x 0 0;padding: 0 10px;height: 31px;border-top: 1px solid #C2D5E3;border-bottom: 1px solid #C2D5E3;line-height: 31px;white-space: nowrap;overflow: hidden;}
.study_nge_zdy .bm_h .o {float: right;width: 30px;}
.study_nge_zdy .bm_h .o img {float: right;margin-top: 11px;cursor: pointer;}
.study_nge_zdy .fl {border: 1px solid #CDCDCD;border-top: none;background: white;}
.study_nge_zdy .bm{margin-bottom: 10px;}
.study_nge_zdy .floattitle{border: 1px solid #CDCDCD;}]]></item>
				<item id="extra"><![CDATA[]]></item>
			</item>
			<item id="4">
				<item id="displayorder"><![CDATA[5]]></item>
				<item id="title"><![CDATA[[公共]N格导航附加信息]]></item>
				<item id="description"><![CDATA[]]></item>
				<item id="variable"><![CDATA[nge_warmprompt]]></item>
				<item id="type"><![CDATA[textarea_1314]]></item>
				<item id="value"><![CDATA[<script language="JavaScript">
day = new Date( )
nge_Hour = day.getHours( )
var nge_warmprompt = "";
if (nge_Hour == 0)
nge_warmprompt = "现在已经过凌晨了，身体是无价的资本喔，早点休息吧！"
if (nge_Hour == 1)
nge_warmprompt = "凌晨1点多了，工作是永远都做不完的，别熬坏身子！"
if (nge_Hour == 2)
nge_warmprompt = "该休息了，身体可是革命的本钱啊！"
if (nge_Hour == 3)
nge_warmprompt = "夜深了，熬夜很容易导致身体内分泌失调，长痘痘的！"
if (nge_Hour == 4)
nge_warmprompt = "四点过了，你明天不上班？？？"
if (nge_Hour == 5)
nge_warmprompt = "你知道吗，此时是国内网络速度最快的时候！"
if (nge_Hour == 6)
nge_warmprompt = "清晨好，这麽早就上论坛啦，昨晚做的梦好吗？ "
if (nge_Hour == 7)
nge_warmprompt = "新的一天又开始了，祝你过得快乐!"
if (nge_Hour == 8)
nge_warmprompt = "早上好，一天之际在于晨，又是美好的一天！"
if ((nge_Hour == 9) || (nge_Hour ==10))
nge_warmprompt = "上午好！今天你看上去好精神哦！"
if (( nge_Hour == 11) || (nge_Hour == 12))
nge_warmprompt = "该吃午饭啦！有什么好吃的？您有中午休息的好习惯吗？"
if (( nge_Hour >= 13) && (nge_Hour <= 17))
nge_warmprompt = "下午好！外面的天气好吗？记得朵朵白云曾捎来朋友殷殷的祝福。"
if (( nge_Hour >= 17) && (nge_Hour <= 18))
nge_warmprompt = "太阳落山了！快看看夕阳吧！如果外面下雨，就不必了 ^_^"
if (( nge_Hour >= 18) && (nge_Hour <= 19))
nge_warmprompt = "晚上好，今天的心情怎么样，来论坛和我们诉说吧！"
if (( nge_Hour >= 19) && (nge_Hour <= 21))
nge_warmprompt = "忙碌了一天，累了吧？来玩玩应用游戏，放松下吧！"
if (( nge_Hour >= 22) && (nge_Hour <= 23))
nge_warmprompt = "这么晚了，还在上网？早点洗洗睡吧，睡前记得洗洗脸喔！"
document.write("　　<b style='color:#2E9AFE'>『温馨提示』")
document.write(nge_warmprompt)
document.write("</b>")
</script>]]></item>
				<item id="extra"><![CDATA[]]></item>
			</item>
			<item id="5">
				<item id="displayorder"><![CDATA[6]]></item>
				<item id="title"><![CDATA[[公共]不显示N格的用户组]]></item>
				<item id="description"><![CDATA[]]></item>
				<item id="variable"><![CDATA[common_gids]]></item>
				<item id="type"><![CDATA[groups_1314]]></item>
				<item id="extra"><![CDATA[]]></item>
				<item id="__value">
					<item id="0"><![CDATA[]]></item>
				</item>
			</item>
			<item id="6">
				<item id="displayorder"><![CDATA[7]]></item>
				<item id="title"><![CDATA[[公共]在什么页面显示]]></item>
				<item id="description"><![CDATA[]]></item>
				<item id="variable"><![CDATA[common_show]]></item>
				<item id="type"><![CDATA[selects_1314]]></item>
				<item id="extra"><![CDATA[1 = 门户首页
2 = 论坛首页
3 = 论坛分区页面]]></item>
				<item id="__value">
					<item id="0"><![CDATA[2]]></item>
				</item>
			</item>
			<item id="7">
				<item id="displayorder"><![CDATA[9]]></item>
				<item id="title"><![CDATA[[公共]帖子显示图标]]></item>
				<item id="description"><![CDATA[显示的图标包括：有图片、有附件、精华、帖子被加减分]]></item>
				<item id="variable"><![CDATA[common_icon_radio]]></item>
				<item id="type"><![CDATA[radio_1314]]></item>
				<item id="value"><![CDATA[0]]></item>
				<item id="extra"><![CDATA[]]></item>
			</item>
			<item id="8">
				<item id="displayorder"><![CDATA[10]]></item>
				<item id="title"><![CDATA[[公共]是否显示会员名片]]></item>
				<item id="description"><![CDATA[]]></item>
				<item id="variable"><![CDATA[showusercard_radio]]></item>
				<item id="type"><![CDATA[radio_1314]]></item>
				<item id="value"><![CDATA[0]]></item>
				<item id="extra"><![CDATA[]]></item>
			</item>
			<item id="9">
				<item id="displayorder"><![CDATA[11]]></item>
				<item id="title"><![CDATA[[公共]帖子名片显示方式]]></item>
				<item id="description"><![CDATA[高级带回复 和 简洁大方版 在部分论坛无法使用，未查明原因。]]></item>
				<item id="variable"><![CDATA[threadcard_select2]]></item>
				<item id="type"><![CDATA[select_1314]]></item>
				<item id="value"><![CDATA[2]]></item>
				<item id="extra"><![CDATA[1 = 关闭名片
2 = 默认title版
3 = 高级带回复
4 = 简洁大方版]]></item>
			</item>
			<item id="10">
				<item id="displayorder"><![CDATA[12]]></item>
				<item id="title"><![CDATA[[公共]版块选择（全局）]]></item>
				<item id="description"><![CDATA[【为空则显示所有版块】
【1-6功能如果版块未设置的话，会自动调用此设置】
【1-6功能如果版块未设置的话，会自动调用此设置】
【1-6功能如果版块未设置的话，会自动调用此设置】
【1-6功能如果版块未设置的话，会自动调用此设置】]]></item>
				<item id="variable"><![CDATA[fids_show]]></item>
				<item id="type"><![CDATA[forums_1314]]></item>
				<item id="extra"><![CDATA[]]></item>
				<item id="__value">
					<item id="0"><![CDATA[]]></item>
				</item>
			</item>
			<item id="11">
				<item id="displayorder"><![CDATA[13]]></item>
				<item id="title"><![CDATA[[公共]2-6功能排序及开关]]></item>
				<item id="description"><![CDATA[【帖子功能开关和排序】本设置用于对2-6项功能的显示顺序进行排序，同时也是作为2-6项功能的开关，即此配置中未填入的功能将自动关闭。默认设置为：2,3,4,5,6
逗号为英文输入法下的逗号，请不要出入除2、3、4、5、6以外的数字，反正输入也没用]]></item>
				<item id="variable"><![CDATA[middle_order]]></item>
				<item id="type"><![CDATA[text_1314]]></item>
				<item id="value"><![CDATA[2,3,4,5,6]]></item>
				<item id="extra"><![CDATA[]]></item>
			</item>
			<item id="12">
				<item id="displayorder"><![CDATA[14]]></item>
				<item id="title"><![CDATA[[公共]横排头像设置7-10]]></item>
				<item id="description"><![CDATA[【底部会员头像横排功能开关和排序】本设置用于对7-10项功能的显示顺序进行排序，同时也是作为7-10项功能的开关，即此配置中未填入的功能将自动关闭。默认设置为：10
逗号为英文输入法下的逗号，请不要出入除7、8、9、10以外的数字，反正输入也没用]]></item>
				<item id="variable"><![CDATA[bottom_avatar]]></item>
				<item id="type"><![CDATA[text_1314]]></item>
				<item id="value"><![CDATA[7]]></item>
				<item id="extra"><![CDATA[]]></item>
			</item>
			<item id="13">
				<item id="displayorder"><![CDATA[15]]></item>
				<item id="title"><![CDATA[[公共]N格右侧功能设置7-10]]></item>
				<item id="description"><![CDATA[【右侧会员功能开关和排序】本设置用于对7-10项功能的显示顺序进行排序，同时也是作为7-10项功能的开关，即此配置中未填入的功能将自动关闭。默认设置为：8,9,10
逗号为英文输入法下的逗号，请不要出入除7、8、9、10以外的数字，反正输入也没用]]></item>
				<item id="variable"><![CDATA[right_order]]></item>
				<item id="type"><![CDATA[text_1314]]></item>
				<item id="value"><![CDATA[8,9,10]]></item>
				<item id="extra"><![CDATA[]]></item>
			</item>
			<item id="14">
				<item id="displayorder"><![CDATA[16]]></item>
				<item id="title"><![CDATA[[公共]标题长度]]></item>
				<item id="description"><![CDATA[【本设置对图片幻灯片无效】]]></item>
				<item id="variable"><![CDATA[subject_length]]></item>
				<item id="type"><![CDATA[number_1314]]></item>
				<item id="value"><![CDATA[50]]></item>
				<item id="extra"><![CDATA[]]></item>
			</item>
			<item id="15">
				<item id="displayorder"><![CDATA[17]]></item>
				<item id="title"><![CDATA[[公共]链接是否新帖打开]]></item>
				<item id="description"><![CDATA[]]></item>
				<item id="variable"><![CDATA[target_blank_radio]]></item>
				<item id="type"><![CDATA[radio_1314]]></item>
				<item id="value"><![CDATA[1]]></item>
				<item id="extra"><![CDATA[]]></item>
			</item>
			<item id="16">
				<item id="displayorder"><![CDATA[18]]></item>
				<item id="title"><![CDATA[[公共]显示的数据条数]]></item>
				<item id="description"><![CDATA[【本设置对图片幻灯片显示条数无效，但会使图片幻灯片等比例扩大、缩小】]]></item>
				<item id="variable"><![CDATA[data_num]]></item>
				<item id="type"><![CDATA[number_1314]]></item>
				<item id="value"><![CDATA[10]]></item>
				<item id="extra"><![CDATA[5 = 5条数据
8 = 8条数据
10 = 10条数据
12 = 12条数据
15 = 15条数据]]></item>
			</item>
			<item id="17">
				<item id="displayorder"><![CDATA[20]]></item>
				<item id="title"><![CDATA[[公共]是否高亮主题]]></item>
				<item id="description"><![CDATA[]]></item>
				<item id="variable"><![CDATA[highlight_radio]]></item>
				<item id="type"><![CDATA[radio_1314]]></item>
				<item id="value"><![CDATA[1]]></item>
				<item id="extra"><![CDATA[]]></item>
			</item>
			<item id="18">
				<item id="displayorder"><![CDATA[21]]></item>
				<item id="title"><![CDATA[[公共]帖子右侧显示内容]]></item>
				<item id="description"><![CDATA[]]></item>
				<item id="variable"><![CDATA[common_tiezi_right]]></item>
				<item id="type"><![CDATA[select_1314]]></item>
				<item id="value"><![CDATA[3]]></item>
				<item id="extra"><![CDATA[1 = 不显示任何内容
2 = 显示时间
3 = 显示用户名]]></item>
			</item>
			<item id="19">
				<item id="displayorder"><![CDATA[22]]></item>
				<item id="title"><![CDATA[[公共]右侧显示回帖人信息]]></item>
				<item id="description"><![CDATA[哪些帖子功能右侧显示回帖人信息，而不是发帖人信息，请使用功能的数字标号，如：3，多个用英文逗号隔开：3,4,5。这里决定帖子右侧显示的信息是发帖人的还是最后回帖人的，如最新回帖你希望帖子右侧显示的是回帖人的信息，则把最新回帖功能对应的数字ID填到这里]]></item>
				<item id="variable"><![CDATA[common_tiezi_right_reply]]></item>
				<item id="type"><![CDATA[text_1314]]></item>
				<item id="value"><![CDATA[3]]></item>
				<item id="extra"><![CDATA[]]></item>
			</item>
			<item id="20">
				<item id="displayorder"><![CDATA[23]]></item>
				<item id="title"><![CDATA[[公共]会员右侧内容颜色]]></item>
				<item id="description"><![CDATA[]]></item>
				<item id="variable"><![CDATA[common_hy_right_color]]></item>
				<item id="type"><![CDATA[color_1314]]></item>
				<item id="value"><![CDATA[#3399CC]]></item>
				<item id="extra"><![CDATA[]]></item>
			</item>
			<item id="21">
				<item id="displayorder"><![CDATA[24]]></item>
				<item id="title"><![CDATA[[公共]帖子右侧内容颜色]]></item>
				<item id="description"><![CDATA[默认：#95B9FF]]></item>
				<item id="variable"><![CDATA[common_tiezi_right_color]]></item>
				<item id="type"><![CDATA[color_1314]]></item>
				<item id="value"><![CDATA[]]></item>
				<item id="extra"><![CDATA[]]></item>
			</item>
			<item id="22">
				<item id="displayorder"><![CDATA[25]]></item>
				<item id="title"><![CDATA[[公共]自定义样式]]></item>
				<item id="description"><![CDATA[CSS样式设置规则如下：
1、font-family: Georgia;
2、font:italic bold 12px/30px arial,sans-serif;
3、font-style:normal;
4、font-weight: bold;
5、background: #FFFFFF;]]></item>
				<item id="variable"><![CDATA[common_font_css]]></item>
				<item id="type"><![CDATA[textarea_1314]]></item>
				<item id="value"><![CDATA[]]></item>
				<item id="extra"><![CDATA[]]></item>
			</item>
			<item id="23">
				<item id="displayorder"><![CDATA[26]]></item>
				<item id="title"><![CDATA[[公共]标题（导航）的颜色]]></item>
				<item id="description"><![CDATA[默认为空，插件自动调整。老版本的默认颜色：#EAF2FA]]></item>
				<item id="variable"><![CDATA[header_color]]></item>
				<item id="type"><![CDATA[color_1314]]></item>
				<item id="value"><![CDATA[]]></item>
				<item id="extra"><![CDATA[]]></item>
			</item>
			<item id="24">
				<item id="displayorder"><![CDATA[27]]></item>
				<item id="title"><![CDATA[[公共]N格边框颜色]]></item>
				<item id="description"><![CDATA[默认为空，插件自动调整]]></item>
				<item id="variable"><![CDATA[border_color]]></item>
				<item id="type"><![CDATA[color_1314]]></item>
				<item id="value"><![CDATA[]]></item>
				<item id="extra"><![CDATA[]]></item>
			</item>
			<item id="25">
				<item id="displayorder"><![CDATA[28]]></item>
				<item id="title"><![CDATA[[公共]是否显示版块名]]></item>
				<item id="description"><![CDATA[]]></item>
				<item id="variable"><![CDATA[common_fid_radio]]></item>
				<item id="type"><![CDATA[radio_1314]]></item>
				<item id="value"><![CDATA[1]]></item>
				<item id="extra"><![CDATA[]]></item>
			</item>
			<item id="26">
				<item id="displayorder"><![CDATA[29]]></item>
				<item id="title"><![CDATA[[公共]时钟格式]]></item>
				<item id="description"><![CDATA[本设置仅对默认模板有效]]></item>
				<item id="variable"><![CDATA[common_clock_mode]]></item>
				<item id="type"><![CDATA[select_1314]]></item>
				<item id="value"><![CDATA[2]]></item>
				<item id="extra"><![CDATA[1 = 不显示时钟
2 = 12小时制（老版）
3 = 24小时制（新版）]]></item>
			</item>
			<item id="27">
				<item id="displayorder"><![CDATA[30]]></item>
				<item id="title"><![CDATA[[公共]过滤版块名的html标签 ...]]></item>
				<item id="description"><![CDATA[在X2.5版块名称中设置了html便签(如&lt;font size=3&gt;版块名&lt;font&gt;)时开启本开关可过滤html便签,X2无视本设置，无需过滤也请无视本设置。]]></item>
				<item id="variable"><![CDATA[common_strip_tags_radio]]></item>
				<item id="type"><![CDATA[radio_1314]]></item>
				<item id="value"><![CDATA[0]]></item>
				<item id="extra"><![CDATA[]]></item>
			</item>
			<item id="28">
				<item id="displayorder"><![CDATA[31]]></item>
				<item id="title"><![CDATA[[1]缓存时间（秒）]]></item>
				<item id="description"><![CDATA[默认3600秒，即缓存1小时]]></item>
				<item id="variable"><![CDATA[pic_cache_time]]></item>
				<item id="type"><![CDATA[number_1314]]></item>
				<item id="value"><![CDATA[3600]]></item>
				<item id="extra"><![CDATA[]]></item>
			</item>
			<item id="29">
				<item id="displayorder"><![CDATA[32]]></item>
				<item id="title"><![CDATA[[1]幻灯片头部广告位]]></item>
				<item id="description"><![CDATA[支持百度。谷歌等联盟js广告，建议大小300*250。。。只有在幻灯片风格选择js幻灯片时有效。
【建议】：百度、谷歌可能会认为如此投放广告有诱导嫌疑，所以不建议在此处放置百度、谷歌的广告，请自行酌情投放广告。]]></item>
				<item id="variable"><![CDATA[pic_ad_first]]></item>
				<item id="type"><![CDATA[textarea_1314]]></item>
				<item id="value"><![CDATA[]]></item>
				<item id="extra"><![CDATA[]]></item>
			</item>
			<item id="30">
				<item id="displayorder"><![CDATA[33]]></item>
				<item id="title"><![CDATA[[1]幻灯片尾部广告位]]></item>
				<item id="description"><![CDATA[支持百度。谷歌等联盟js广告，建议大小300*250。。。只有在幻灯片风格选择js幻灯片时有效
【建议】：百度、谷歌可能会认为如此投放广告有诱导嫌疑，所以不建议在此处放置百度、谷歌的广告，请自行酌情投放广告。]]></item>
				<item id="variable"><![CDATA[pic_ad_last]]></item>
				<item id="type"><![CDATA[textarea_1314]]></item>
				<item id="value"><![CDATA[]]></item>
				<item id="extra"><![CDATA[]]></item>
			</item>
			<item id="31">
				<item id="displayorder"><![CDATA[34]]></item>
				<item id="title"><![CDATA[[1]是否显示帖子标题]]></item>
				<item id="description"><![CDATA[]]></item>
				<item id="variable"><![CDATA[pic_title_radio]]></item>
				<item id="type"><![CDATA[radio_1314]]></item>
				<item id="value"><![CDATA[1]]></item>
				<item id="extra"><![CDATA[]]></item>
			</item>
			<item id="32">
				<item id="displayorder"><![CDATA[35]]></item>
				<item id="title"><![CDATA[[1]标题长度]]></item>
				<item id="description"><![CDATA[]]></item>
				<item id="variable"><![CDATA[pic_title_length]]></item>
				<item id="type"><![CDATA[number_1314]]></item>
				<item id="value"><![CDATA[30]]></item>
				<item id="extra"><![CDATA[]]></item>
			</item>
			<item id="33">
				<item id="displayorder"><![CDATA[36]]></item>
				<item id="title"><![CDATA[[1]图片文字栏的透明度]]></item>
				<item id="description"><![CDATA[设置0-100之间的数字，数字越大透明度越小，即100为不透明]]></item>
				<item id="variable"><![CDATA[pic_transparent]]></item>
				<item id="type"><![CDATA[number_1314]]></item>
				<item id="value"><![CDATA[60]]></item>
				<item id="extra"><![CDATA[]]></item>
			</item>
			<item id="34">
				<item id="displayorder"><![CDATA[37]]></item>
				<item id="title"><![CDATA[[1]图片文字颜色]]></item>
				<item id="description"><![CDATA[]]></item>
				<item id="variable"><![CDATA[pic_color]]></item>
				<item id="type"><![CDATA[color_1314]]></item>
				<item id="value"><![CDATA[#FFFFFF]]></item>
				<item id="extra"><![CDATA[]]></item>
			</item>
			<item id="35">
				<item id="displayorder"><![CDATA[38]]></item>
				<item id="title"><![CDATA[[1]图片切换时间（秒）]]></item>
				<item id="description"><![CDATA[本设置对选择js图片幻灯片的无效]]></item>
				<item id="variable"><![CDATA[pic_cut]]></item>
				<item id="type"><![CDATA[number_1314]]></item>
				<item id="value"><![CDATA[3]]></item>
				<item id="extra"><![CDATA[]]></item>
			</item>
			<item id="36">
				<item id="displayorder"><![CDATA[38]]></item>
				<item id="title"><![CDATA[[1]显示几张图片]]></item>
				<item id="description"><![CDATA[]]></item>
				<item id="variable"><![CDATA[pic_num]]></item>
				<item id="type"><![CDATA[number_1314]]></item>
				<item id="value"><![CDATA[5]]></item>
				<item id="extra"><![CDATA[]]></item>
			</item>
			<item id="37">
				<item id="displayorder"><![CDATA[39]]></item>
				<item id="title"><![CDATA[[1]图片文字背景颜色]]></item>
				<item id="description"><![CDATA[]]></item>
				<item id="variable"><![CDATA[pic_bgcolor]]></item>
				<item id="type"><![CDATA[color_1314]]></item>
				<item id="value"><![CDATA[#3399ff]]></item>
				<item id="extra"><![CDATA[]]></item>
			</item>
			<item id="38">
				<item id="displayorder"><![CDATA[39]]></item>
				<item id="title"><![CDATA[[1]自定义图片的文字]]></item>
				<item id="description"><![CDATA[填写图片对应的文字，每行一个，请与填写的图片数相同【换行用回车】]]></item>
				<item id="variable"><![CDATA[pic_zdy_text]]></item>
				<item id="type"><![CDATA[textarea_1314]]></item>
				<item id="value"><![CDATA[图片标题一如：今天天气真好
图片的标题二
图片的标题三
图片的标题四]]></item>
				<item id="extra"><![CDATA[]]></item>
			</item>
			<item id="39">
				<item id="displayorder"><![CDATA[40]]></item>
				<item id="title"><![CDATA[[1]自定义图片链接地址]]></item>
				<item id="description"><![CDATA[填写图片对应的链接地址，每行一个，请与填写的图片数相同【换行用回车】]]></item>
				<item id="variable"><![CDATA[pic_zdy_url]]></item>
				<item id="type"><![CDATA[textarea_1314]]></item>
				<item id="value"><![CDATA[图片跳转地址一，如：http://1314.com
图片点击后跳转到的地址（URL）二
图片点击后跳转到的地址（URL）三
图片点击后跳转到的地址（URL）四]]></item>
				<item id="extra"><![CDATA[]]></item>
			</item>
			<item id="40">
				<item id="displayorder"><![CDATA[41]]></item>
				<item id="title"><![CDATA[[1]自定义图片地址]]></item>
				<item id="description"><![CDATA[填写图片地址，每行一个图片地址【换行用回车】]]></item>
				<item id="variable"><![CDATA[pic_zdy_pic]]></item>
				<item id="type"><![CDATA[textarea_1314]]></item>
				<item id="value"><![CDATA[图片一，如：http://1314.com/tu.jpg
图片地址二
图片地址三
图片地址四]]></item>
				<item id="extra"><![CDATA[]]></item>
			</item>
			<item id="41">
				<item id="displayorder"><![CDATA[42]]></item>
				<item id="title"><![CDATA[[1]最新图片文字设置]]></item>
				<item id="description"><![CDATA[默认为：最新图片]]></item>
				<item id="variable"><![CDATA[pic_title]]></item>
				<item id="type"><![CDATA[text_1314]]></item>
				<item id="value"><![CDATA[最新图片]]></item>
				<item id="extra"><![CDATA[]]></item>
			</item>
			<item id="42">
				<item id="displayorder"><![CDATA[43]]></item>
				<item id="title"><![CDATA[[1]图片调用版块设置]]></item>
				<item id="description"><![CDATA[为空则调用【[公共]版块选择】的设置
为空则调用【[公共]版块选择】的设置
为空则调用【[公共]版块选择】的设置
为空则调用【[公共]版块选择】的设置
为空则调用【[公共]版块选择】的设置]]></item>
				<item id="variable"><![CDATA[pic_fids]]></item>
				<item id="type"><![CDATA[forums_1314]]></item>
				<item id="extra"><![CDATA[]]></item>
				<item id="__value">
					<item id="0"><![CDATA[]]></item>
				</item>
			</item>
			<item id="43">
				<item id="displayorder"><![CDATA[44]]></item>
				<item id="title"><![CDATA[[1]只查询几天内的图片数据]]></item>
				<item id="description"><![CDATA[只查询几天内的图片数据，单位：天（指24小时），对于数据量大的网站一般设置越小查询速度越快，图片更新快的网站适当减少本设置，最低设置为一天，即只查询24小时内的数据。]]></item>
				<item id="variable"><![CDATA[pic_limit_day]]></item>
				<item id="type"><![CDATA[number_1314]]></item>
				<item id="value"><![CDATA[1314]]></item>
				<item id="extra"><![CDATA[]]></item>
			</item>
			<item id="44">
				<item id="displayorder"><![CDATA[45]]></item>
				<item id="title"><![CDATA[[1]图片附件查询方式]]></item>
				<item id="description"><![CDATA[方式一是普通的查询方式（建议），方式二可能效率高一点，但可能存在查询出的数据少于设置的数量。]]></item>
				<item id="variable"><![CDATA[pic_select_way]]></item>
				<item id="type"><![CDATA[select_1314]]></item>
				<item id="value"><![CDATA[1]]></item>
				<item id="extra"><![CDATA[1 = 查询方式一
2 = 查询方式二]]></item>
			</item>
			<item id="45">
				<item id="displayorder"><![CDATA[46]]></item>
				<item id="title"><![CDATA[[1]缩略图高度]]></item>
				<item id="description"><![CDATA[默认250]]></item>
				<item id="variable"><![CDATA[pic_thumb_h2]]></item>
				<item id="type"><![CDATA[number_1314]]></item>
				<item id="value"><![CDATA[250]]></item>
				<item id="extra"><![CDATA[]]></item>
			</item>
			<item id="46">
				<item id="displayorder"><![CDATA[47]]></item>
				<item id="title"><![CDATA[[1]缩略图宽度]]></item>
				<item id="description"><![CDATA[默认300，本设置同时代表幻灯片宽度，即通过设置这个可以改变幻灯片宽度。]]></item>
				<item id="variable"><![CDATA[pic_thumb_w]]></item>
				<item id="type"><![CDATA[number_1314]]></item>
				<item id="value"><![CDATA[300]]></item>
				<item id="extra"><![CDATA[]]></item>
			</item>
			<item id="47">
				<item id="displayorder"><![CDATA[48]]></item>
				<item id="title"><![CDATA[[1]缩略图质量]]></item>
				<item id="description"><![CDATA[设置幻灯片缩略图的质量参数，范围为 0～100 的整数，数值越大结果图片效果越好，但尺寸也越大]]></item>
				<item id="variable"><![CDATA[pic_thumb_quality]]></item>
				<item id="type"><![CDATA[number_1314]]></item>
				<item id="value"><![CDATA[60]]></item>
				<item id="extra"><![CDATA[]]></item>
			</item>
			<item id="48">
				<item id="displayorder"><![CDATA[49]]></item>
				<item id="title"><![CDATA[[1]是否生成缩略图]]></item>
				<item id="description"><![CDATA[开启缩略图请确保目录：data\attachment\study_nge 有读写权限
【备注】一些论坛生成缩略图速度过慢会导致页面显示空白，特别是远程图片，本身图片很大、加载很慢，导致生成缩略图速度过慢。]]></item>
				<item id="variable"><![CDATA[pic_thumb_radio]]></item>
				<item id="type"><![CDATA[radio_1314]]></item>
				<item id="value"><![CDATA[0]]></item>
				<item id="extra"><![CDATA[]]></item>
			</item>
			<item id="49">
				<item id="displayorder"><![CDATA[50]]></item>
				<item id="title"><![CDATA[[1]最新图片模式]]></item>
				<item id="description"><![CDATA[建议显示论坛图片附件]]></item>
				<item id="variable"><![CDATA[pic_select]]></item>
				<item id="type"><![CDATA[select_1314]]></item>
				<item id="value"><![CDATA[2]]></item>
				<item id="extra"><![CDATA[1 = 不显示图片幻灯片
2 = 显示论坛图片附件
3 = 显示自定义图片
4 = 使用外部链接图片]]></item>
			</item>
			<item id="50">
				<item id="displayorder"><![CDATA[51]]></item>
				<item id="title"><![CDATA[[1]幻灯片风格选择]]></item>
				<item id="description"><![CDATA[js版帖子链接地址可以被搜索引擎搜录，flash版以参数传入帖子地址，无法被搜索引擎搜录]]></item>
				<item id="variable"><![CDATA[pic_way]]></item>
				<item id="type"><![CDATA[select_1314]]></item>
				<item id="value"><![CDATA[js]]></item>
				<item id="extra"><![CDATA[js = js幻灯片(有利SEO)
flash = flash幻灯片]]></item>
			</item>
			<item id="51">
				<item id="displayorder"><![CDATA[52]]></item>
				<item id="title"><![CDATA[[2]最新帖子文字设置]]></item>
				<item id="description"><![CDATA[默认显示“最新帖子”，可随意修改，如：最新主题]]></item>
				<item id="variable"><![CDATA[newpost_title]]></item>
				<item id="type"><![CDATA[text_1314]]></item>
				<item id="value"><![CDATA[最新帖子]]></item>
				<item id="extra"><![CDATA[]]></item>
			</item>
			<item id="52">
				<item id="displayorder"><![CDATA[53]]></item>
				<item id="title"><![CDATA[[2]最新帖子调用版块设置]]></item>
				<item id="description"><![CDATA[为空则调用【[公共]版块选择】的设置
为空则调用【[公共]版块选择】的设置
为空则调用【[公共]版块选择】的设置
为空则调用【[公共]版块选择】的设置
为空则调用【[公共]版块选择】的设置]]></item>
				<item id="variable"><![CDATA[newpost_fids]]></item>
				<item id="type"><![CDATA[forums_1314]]></item>
				<item id="value"><![CDATA[]]></item>
				<item id="extra"><![CDATA[]]></item>
			</item>
			<item id="53">
				<item id="displayorder"><![CDATA[54]]></item>
				<item id="title"><![CDATA[[2]缓存时间（秒）]]></item>
				<item id="description"><![CDATA[默认300秒，即缓存5分钟]]></item>
				<item id="variable"><![CDATA[newpost_cache_time]]></item>
				<item id="type"><![CDATA[number_1314]]></item>
				<item id="value"><![CDATA[300]]></item>
				<item id="extra"><![CDATA[]]></item>
			</item>
			<item id="54">
				<item id="displayorder"><![CDATA[55]]></item>
				<item id="title"><![CDATA[[2]只查询几天内的新帖数据]]></item>
				<item id="description"><![CDATA[只查询几天内的新帖数据，单位：天（指24小时），对于帖子更新快的网站一般设置越小查询速度越快，最低设置为一天，即只查询24小时内的数据。]]></item>
				<item id="variable"><![CDATA[newpost_limit_day]]></item>
				<item id="type"><![CDATA[number_1314]]></item>
				<item id="value"><![CDATA[100]]></item>
				<item id="extra"><![CDATA[]]></item>
			</item>
			<item id="55">
				<item id="displayorder"><![CDATA[56]]></item>
				<item id="title"><![CDATA[[3]最新回复文字设置]]></item>
				<item id="description"><![CDATA[默认为：最新回复]]></item>
				<item id="variable"><![CDATA[newreply_title]]></item>
				<item id="type"><![CDATA[text_1314]]></item>
				<item id="value"><![CDATA[最新回复]]></item>
				<item id="extra"><![CDATA[]]></item>
			</item>
			<item id="56">
				<item id="displayorder"><![CDATA[57]]></item>
				<item id="title"><![CDATA[[3]最新回帖调用版块设置]]></item>
				<item id="description"><![CDATA[为空则调用【[公共]版块选择】的设置
为空则调用【[公共]版块选择】的设置
为空则调用【[公共]版块选择】的设置
为空则调用【[公共]版块选择】的设置
为空则调用【[公共]版块选择】的设置]]></item>
				<item id="variable"><![CDATA[newreply_fids]]></item>
				<item id="type"><![CDATA[forums_1314]]></item>
				<item id="value"><![CDATA[]]></item>
				<item id="extra"><![CDATA[]]></item>
			</item>
			<item id="57">
				<item id="displayorder"><![CDATA[58]]></item>
				<item id="title"><![CDATA[[3]缓存时间（秒）]]></item>
				<item id="description"><![CDATA[默认300秒，即缓存5分钟]]></item>
				<item id="variable"><![CDATA[newreply_cache_time]]></item>
				<item id="type"><![CDATA[number_1314]]></item>
				<item id="value"><![CDATA[300]]></item>
				<item id="extra"><![CDATA[]]></item>
			</item>
			<item id="58">
				<item id="displayorder"><![CDATA[59]]></item>
				<item id="title"><![CDATA[[3]只查询几天内的回帖数据]]></item>
				<item id="description"><![CDATA[只查询几天内的回帖数据，单位：天（指24小时），对于回帖更新快的网站一般设置越小查询速度越快，最低设置为一天，即只查询24小时内的数据。]]></item>
				<item id="variable"><![CDATA[newreply_limit_day]]></item>
				<item id="type"><![CDATA[number_1314]]></item>
				<item id="value"><![CDATA[100]]></item>
				<item id="extra"><![CDATA[]]></item>
			</item>
			<item id="59">
				<item id="displayorder"><![CDATA[60]]></item>
				<item id="title"><![CDATA[[3]屏蔽穿越贴]]></item>
				<item id="description"><![CDATA[]]></item>
				<item id="variable"><![CDATA[newreply_thru]]></item>
				<item id="type"><![CDATA[radio_1314]]></item>
				<item id="value"><![CDATA[1]]></item>
				<item id="extra"><![CDATA[]]></item>
			</item>
			<item id="60">
				<item id="displayorder"><![CDATA[61]]></item>
				<item id="title"><![CDATA[[3]会员显示直达最新回复的动态链接]]></item>
				<item id="description"><![CDATA[]]></item>
				<item id="variable"><![CDATA[newreply_gotolastpost]]></item>
				<item id="type"><![CDATA[radio_1314]]></item>
				<item id="value"><![CDATA[0]]></item>
				<item id="extra"><![CDATA[]]></item>
			</item>
			<item id="61">
				<item id="displayorder"><![CDATA[62]]></item>
				<item id="title"><![CDATA[[4]推荐主题文字设置]]></item>
				<item id="description"><![CDATA[默认为：推荐主题]]></item>
				<item id="variable"><![CDATA[recpost_title]]></item>
				<item id="type"><![CDATA[text_1314]]></item>
				<item id="value"><![CDATA[推荐主题]]></item>
				<item id="extra"><![CDATA[]]></item>
			</item>
			<item id="62">
				<item id="displayorder"><![CDATA[63]]></item>
				<item id="title"><![CDATA[[4]使用的版块]]></item>
				<item id="description"><![CDATA[]]></item>
				<item id="variable"><![CDATA[recpost_fids]]></item>
				<item id="type"><![CDATA[forums_1314]]></item>
				<item id="extra"><![CDATA[]]></item>
				<item id="__value">
					<item id="0"><![CDATA[]]></item>
				</item>
			</item>
			<item id="63">
				<item id="displayorder"><![CDATA[64]]></item>
				<item id="title"><![CDATA[[4]缓存时间（秒）]]></item>
				<item id="description"><![CDATA[默认86400秒，即缓存一天]]></item>
				<item id="variable"><![CDATA[recpost_cache_time]]></item>
				<item id="type"><![CDATA[number_1314]]></item>
				<item id="value"><![CDATA[86400]]></item>
				<item id="extra"><![CDATA[]]></item>
			</item>
			<item id="64">
				<item id="displayorder"><![CDATA[65]]></item>
				<item id="title"><![CDATA[[4]允许推荐帖子的用户组]]></item>
				<item id="description"><![CDATA[]]></item>
				<item id="variable"><![CDATA[recpost_admin_gids]]></item>
				<item id="type"><![CDATA[groups_1314]]></item>
				<item id="extra"><![CDATA[]]></item>
				<item id="__value">
					<item id="0"><![CDATA[1]]></item>
					<item id="1"><![CDATA[2]]></item>
					<item id="2"><![CDATA[3]]></item>
				</item>
			</item>
			<item id="65">
				<item id="displayorder"><![CDATA[66]]></item>
				<item id="title"><![CDATA[[5]精华主题文字设置]]></item>
				<item id="description"><![CDATA[默认为：精华主题]]></item>
				<item id="variable"><![CDATA[goodreply_title]]></item>
				<item id="type"><![CDATA[text_1314]]></item>
				<item id="value"><![CDATA[精华主题]]></item>
				<item id="extra"><![CDATA[]]></item>
			</item>
			<item id="66">
				<item id="displayorder"><![CDATA[67]]></item>
				<item id="title"><![CDATA[[5]精华帖调用版块设置]]></item>
				<item id="description"><![CDATA[为空则调用【[公共]版块选择】的设置
为空则调用【[公共]版块选择】的设置
为空则调用【[公共]版块选择】的设置
为空则调用【[公共]版块选择】的设置
为空则调用【[公共]版块选择】的设置]]></item>
				<item id="variable"><![CDATA[goodreply_fids]]></item>
				<item id="type"><![CDATA[forums_1314]]></item>
				<item id="value"><![CDATA[]]></item>
				<item id="extra"><![CDATA[]]></item>
			</item>
			<item id="67">
				<item id="displayorder"><![CDATA[68]]></item>
				<item id="title"><![CDATA[[5]缓存时间（秒）]]></item>
				<item id="description"><![CDATA[默认86400秒，即缓存一天]]></item>
				<item id="variable"><![CDATA[goodreply_cache_time]]></item>
				<item id="type"><![CDATA[number_1314]]></item>
				<item id="value"><![CDATA[86400]]></item>
				<item id="extra"><![CDATA[]]></item>
			</item>
			<item id="68">
				<item id="displayorder"><![CDATA[69]]></item>
				<item id="title"><![CDATA[[5]显示的精华贴级别]]></item>
				<item id="description"><![CDATA[设置精华的调用级别，共三个级别。
如单如: 1 
多个如: 1,2,3]]></item>
				<item id="variable"><![CDATA[goodreply_digest]]></item>
				<item id="type"><![CDATA[text_1314]]></item>
				<item id="value"><![CDATA[1,2,3]]></item>
				<item id="extra"><![CDATA[]]></item>
			</item>
			<item id="69">
				<item id="displayorder"><![CDATA[70]]></item>
				<item id="title"><![CDATA[[5]精华帖排序方式]]></item>
				<item id="description"><![CDATA[设置精华帖子的排序方式]]></item>
				<item id="variable"><![CDATA[goodreply_order]]></item>
				<item id="type"><![CDATA[select_1314]]></item>
				<item id="value"><![CDATA[1]]></item>
				<item id="extra"><![CDATA[1 = 按回复数量排序
2 = 按浏览数量排序
3 = 按发帖时间排序
4 = 按回复时间排序]]></item>
			</item>
			<item id="70">
				<item id="displayorder"><![CDATA[71]]></item>
				<item id="title"><![CDATA[[5]显示几天内的精华贴]]></item>
				<item id="description"><![CDATA[y、m、w、d 分别代表 精准的年、月、周、日，即从零点开始计时。输入1314表示不限制时间。此外您仍可以直接输入数字，如30表示30天内，这里表示的是30天内而不是m表示的本月开始时间]]></item>
				<item id="variable"><![CDATA[goodreply_day]]></item>
				<item id="type"><![CDATA[text_1314]]></item>
				<item id="value"><![CDATA[100]]></item>
				<item id="extra"><![CDATA[]]></item>
			</item>
			<item id="71">
				<item id="displayorder"><![CDATA[72]]></item>
				<item id="title"><![CDATA[[6]热门主题文字设置]]></item>
				<item id="description"><![CDATA[默认为：热门主题]]></item>
				<item id="variable"><![CDATA[hotpost_title]]></item>
				<item id="type"><![CDATA[text_1314]]></item>
				<item id="value"><![CDATA[热门主题]]></item>
				<item id="extra"><![CDATA[]]></item>
			</item>
			<item id="72">
				<item id="displayorder"><![CDATA[73]]></item>
				<item id="title"><![CDATA[[6]热门帖调用版块设置]]></item>
				<item id="description"><![CDATA[为空则调用【[公共]版块选择】的设置
为空则调用【[公共]版块选择】的设置
为空则调用【[公共]版块选择】的设置
为空则调用【[公共]版块选择】的设置
为空则调用【[公共]版块选择】的设置]]></item>
				<item id="variable"><![CDATA[hotpost_fids]]></item>
				<item id="type"><![CDATA[forums_1314]]></item>
				<item id="value"><![CDATA[]]></item>
				<item id="extra"><![CDATA[]]></item>
			</item>
			<item id="73">
				<item id="displayorder"><![CDATA[74]]></item>
				<item id="title"><![CDATA[[6]缓存时间（秒）]]></item>
				<item id="description"><![CDATA[默认86400秒，即缓存一天]]></item>
				<item id="variable"><![CDATA[hotpost_cache_time]]></item>
				<item id="type"><![CDATA[number_1314]]></item>
				<item id="value"><![CDATA[86400]]></item>
				<item id="extra"><![CDATA[]]></item>
			</item>
			<item id="74">
				<item id="displayorder"><![CDATA[75]]></item>
				<item id="title"><![CDATA[[6]显示几天内的热门贴]]></item>
				<item id="description"><![CDATA[y、m、w、d 分别代表 精准的年、月、周、日，即从零点开始计时。输入1314表示不限制时间。此外您仍可以直接输入数字，如30表示30天内，这里表示的是30天内而不是m表示的本月开始时间]]></item>
				<item id="variable"><![CDATA[hotpost_day]]></item>
				<item id="type"><![CDATA[text_1314]]></item>
				<item id="value"><![CDATA[100]]></item>
				<item id="extra"><![CDATA[]]></item>
			</item>
			<item id="75">
				<item id="displayorder"><![CDATA[76]]></item>
				<item id="title"><![CDATA[[6]热门贴按什么方式排序]]></item>
				<item id="description"><![CDATA[主题热度将按参与人次计算，包括回帖，点评，收藏，分享，评分，推荐
管理地址：全局 -&gt; 站点功能 -&gt; 主题相关
admin.php?action=setting&amp;operation=functions&amp;anchor=heatthread]]></item>
				<item id="variable"><![CDATA[hotpost_order]]></item>
				<item id="type"><![CDATA[select_1314]]></item>
				<item id="value"><![CDATA[1]]></item>
				<item id="extra"><![CDATA[1 = 主题热度
2 = 按回复次数
3 = 按浏览次数]]></item>
			</item>
			<item id="76">
				<item id="displayorder"><![CDATA[77]]></item>
				<item id="title"><![CDATA[[7]最新会员文字设置]]></item>
				<item id="description"><![CDATA[默认为：最新会员]]></item>
				<item id="variable"><![CDATA[newmember_title]]></item>
				<item id="type"><![CDATA[text_1314]]></item>
				<item id="value"><![CDATA[最新会员]]></item>
				<item id="extra"><![CDATA[]]></item>
			</item>
			<item id="77">
				<item id="displayorder"><![CDATA[78]]></item>
				<item id="title"><![CDATA[[7]缓存时间（秒）]]></item>
				<item id="description"><![CDATA[默认300秒，即缓存5分钟]]></item>
				<item id="variable"><![CDATA[newmember_cache_time]]></item>
				<item id="type"><![CDATA[number_1314]]></item>
				<item id="value"><![CDATA[600]]></item>
				<item id="extra"><![CDATA[]]></item>
			</item>
			<item id="78">
				<item id="displayorder"><![CDATA[79]]></item>
				<item id="title"><![CDATA[[7]只查询几天内的新会员数 ...]]></item>
				<item id="description"><![CDATA[只查询几天内的新会员数据，单位：天（指24小时），对于新会员更新快的网站一般设置越小查询速度越快，最低设置为一天，即只查询24小时内的数据。]]></item>
				<item id="variable"><![CDATA[newmember_limit_day]]></item>
				<item id="type"><![CDATA[number_1314]]></item>
				<item id="value"><![CDATA[365]]></item>
				<item id="extra"><![CDATA[]]></item>
			</item>
			<item id="79">
				<item id="displayorder"><![CDATA[80]]></item>
				<item id="title"><![CDATA[[7]是否过滤用户组]]></item>
				<item id="description"><![CDATA[开启后过滤 禁止发言、禁止访问、禁止 IP、等待验证会员、限制会员 等用户组，无特殊需求请关闭。]]></item>
				<item id="variable"><![CDATA[newmember_limit_gids_radio]]></item>
				<item id="type"><![CDATA[radio_1314]]></item>
				<item id="value"><![CDATA[0]]></item>
				<item id="extra"><![CDATA[]]></item>
			</item>
			<item id="80">
				<item id="displayorder"><![CDATA[81]]></item>
				<item id="title"><![CDATA[[8]帖子排行榜文字设置]]></item>
				<item id="description"><![CDATA[默认为：本月发贴]]></item>
				<item id="variable"><![CDATA[posts_title]]></item>
				<item id="type"><![CDATA[text_1314]]></item>
				<item id="value"><![CDATA[发贴之星]]></item>
				<item id="extra"><![CDATA[]]></item>
			</item>
			<item id="81">
				<item id="displayorder"><![CDATA[82]]></item>
				<item id="title"><![CDATA[[8]只统计主题，不统计回帖]]></item>
				<item id="description"><![CDATA[]]></item>
				<item id="variable"><![CDATA[posts_first_radio]]></item>
				<item id="type"><![CDATA[radio_1314]]></item>
				<item id="value"><![CDATA[0]]></item>
				<item id="extra"><![CDATA[]]></item>
			</item>
			<item id="82">
				<item id="displayorder"><![CDATA[82]]></item>
				<item id="title"><![CDATA[[8]显示的用户组设置]]></item>
				<item id="description"><![CDATA[]]></item>
				<item id="variable"><![CDATA[posts_gids]]></item>
				<item id="type"><![CDATA[groups_1314]]></item>
				<item id="extra"><![CDATA[]]></item>
				<item id="__value">
					<item id="0"><![CDATA[]]></item>
				</item>
			</item>
			<item id="83">
				<item id="displayorder"><![CDATA[83]]></item>
				<item id="title"><![CDATA[[8]缓存时间（秒）]]></item>
				<item id="description"><![CDATA[默认86400秒，即缓存一天]]></item>
				<item id="variable"><![CDATA[posts_cache_time]]></item>
				<item id="type"><![CDATA[number_1314]]></item>
				<item id="value"><![CDATA[600]]></item>
				<item id="extra"><![CDATA[]]></item>
			</item>
			<item id="84">
				<item id="displayorder"><![CDATA[84]]></item>
				<item id="title"><![CDATA[[8]显示样式]]></item>
				<item id="description"><![CDATA[本设置只在 [发帖排行] 在N格右侧显示时有效，在底部显示会员头像时无效。只支持调用10条数据，大于或者小于10条数据将会是页面错位。]]></item>
				<item id="variable"><![CDATA[posts_way]]></item>
				<item id="type"><![CDATA[select_1314]]></item>
				<item id="value"><![CDATA[2]]></item>
				<item id="extra"><![CDATA[1 = 普通样式
2 = 发帖之星样式]]></item>
			</item>
			<item id="85">
				<item id="displayorder"><![CDATA[85]]></item>
				<item id="title"><![CDATA[[8]几天内的发帖排行]]></item>
				<item id="description"><![CDATA[y、m、w、d 分别代表 精准的年、月、周、日，即从零点开始计时。输入1314表示不限制时间。此外您仍可以直接输入数字，如30表示30天内，这里表示的是30天内而不是m表示的本月开始时间]]></item>
				<item id="variable"><![CDATA[posts_day]]></item>
				<item id="type"><![CDATA[text_1314]]></item>
				<item id="value"><![CDATA[30]]></item>
				<item id="extra"><![CDATA[]]></item>
			</item>
			<item id="86">
				<item id="displayorder"><![CDATA[86]]></item>
				<item id="title"><![CDATA[[8]展示名次称号]]></item>
				<item id="description"><![CDATA[]]></item>
				<item id="variable"><![CDATA[posts_show_name]]></item>
				<item id="type"><![CDATA[text_1314]]></item>
				<item id="value"><![CDATA[状元|榜眼|探花]]></item>
				<item id="extra"><![CDATA[]]></item>
			</item>
			<item id="87">
				<item id="displayorder"><![CDATA[87]]></item>
				<item id="title"><![CDATA[[8]状元标题背景色]]></item>
				<item id="description"><![CDATA[]]></item>
				<item id="variable"><![CDATA[posts_zytitlecolor]]></item>
				<item id="type"><![CDATA[color_1314]]></item>
				<item id="value"><![CDATA[#BEE0FB]]></item>
				<item id="extra"><![CDATA[]]></item>
			</item>
			<item id="88">
				<item id="displayorder"><![CDATA[87]]></item>
				<item id="title"><![CDATA[[8]状元内容背景色]]></item>
				<item id="description"><![CDATA[]]></item>
				<item id="variable"><![CDATA[posts_zyinfocolor]]></item>
				<item id="type"><![CDATA[color_1314]]></item>
				<item id="value"><![CDATA[#DEEBFB]]></item>
				<item id="extra"><![CDATA[]]></item>
			</item>
			<item id="89">
				<item id="displayorder"><![CDATA[88]]></item>
				<item id="title"><![CDATA[[8]榜眼内容背景色]]></item>
				<item id="description"><![CDATA[]]></item>
				<item id="variable"><![CDATA[posts_byinfocolor]]></item>
				<item id="type"><![CDATA[color_1314]]></item>
				<item id="value"><![CDATA[#FCE2F9]]></item>
				<item id="extra"><![CDATA[]]></item>
			</item>
			<item id="90">
				<item id="displayorder"><![CDATA[88]]></item>
				<item id="title"><![CDATA[[8]榜眼标题背景色]]></item>
				<item id="description"><![CDATA[]]></item>
				<item id="variable"><![CDATA[posts_bytitlecolor]]></item>
				<item id="type"><![CDATA[color_1314]]></item>
				<item id="value"><![CDATA[#F5BEFB]]></item>
				<item id="extra"><![CDATA[]]></item>
			</item>
			<item id="91">
				<item id="displayorder"><![CDATA[89]]></item>
				<item id="title"><![CDATA[[8]探花标题背景色]]></item>
				<item id="description"><![CDATA[]]></item>
				<item id="variable"><![CDATA[posts_thtitlecolor]]></item>
				<item id="type"><![CDATA[color_1314]]></item>
				<item id="value"><![CDATA[#FBE5BE]]></item>
				<item id="extra"><![CDATA[]]></item>
			</item>
			<item id="92">
				<item id="displayorder"><![CDATA[89]]></item>
				<item id="title"><![CDATA[[8]探花内容背景色]]></item>
				<item id="description"><![CDATA[]]></item>
				<item id="variable"><![CDATA[posts_thinfocolor]]></item>
				<item id="type"><![CDATA[color_1314]]></item>
				<item id="value"><![CDATA[#FBF4E5]]></item>
				<item id="extra"><![CDATA[]]></item>
			</item>
			<item id="93">
				<item id="displayorder"><![CDATA[91]]></item>
				<item id="title"><![CDATA[[9]在线排行文字设置]]></item>
				<item id="description"><![CDATA[默认为：在线排行]]></item>
				<item id="variable"><![CDATA[online_title]]></item>
				<item id="type"><![CDATA[text_1314]]></item>
				<item id="value"><![CDATA[在线排行]]></item>
				<item id="extra"><![CDATA[]]></item>
			</item>
			<item id="94">
				<item id="displayorder"><![CDATA[92]]></item>
				<item id="title"><![CDATA[[9]缓存时间（秒）]]></item>
				<item id="description"><![CDATA[默认86400秒，即缓存一天]]></item>
				<item id="variable"><![CDATA[online_cache_time]]></item>
				<item id="type"><![CDATA[number_1314]]></item>
				<item id="value"><![CDATA[86400]]></item>
				<item id="extra"><![CDATA[]]></item>
			</item>
			<item id="95">
				<item id="displayorder"><![CDATA[100]]></item>
				<item id="title"><![CDATA[[10]积分排行文字设置]]></item>
				<item id="description"><![CDATA[]]></item>
				<item id="variable"><![CDATA[credits_title]]></item>
				<item id="type"><![CDATA[text_1314]]></item>
				<item id="value"><![CDATA[积分排行]]></item>
				<item id="extra"><![CDATA[]]></item>
			</item>
			<item id="96">
				<item id="displayorder"><![CDATA[101]]></item>
				<item id="title"><![CDATA[[10]缓存时间（秒）]]></item>
				<item id="description"><![CDATA[默认86400秒，即缓存一天]]></item>
				<item id="variable"><![CDATA[credits_cache_time]]></item>
				<item id="type"><![CDATA[number_1314]]></item>
				<item id="value"><![CDATA[86400]]></item>
				<item id="extra"><![CDATA[]]></item>
			</item>
			<item id="97">
				<item id="displayorder"><![CDATA[102]]></item>
				<item id="title"><![CDATA[[10]扩展积分选择]]></item>
				<item id="description"><![CDATA[选择空则表示[总积分]，修改本设置后建议更新下积分排行缓存]]></item>
				<item id="variable"><![CDATA[credits_extcredit]]></item>
				<item id="type"><![CDATA[extcredit_1314]]></item>
				<item id="value"><![CDATA[2]]></item>
				<item id="extra"><![CDATA[]]></item>
			</item>
		</item>
		<item id="language">
			<item id="scriptlang">
				<item id="study_pic_title"><![CDATA[最新图片]]></item>
				<item id="study_newpost_title"><![CDATA[最新主题]]></item>
				<item id="study_newreply_title"><![CDATA[最新回复]]></item>
				<item id="study_recpost_title"><![CDATA[推荐帖子]]></item>
				<item id="study_goodreply_title"><![CDATA[精华帖子]]></item>
				<item id="study_hotpost_title"><![CDATA[热门帖子]]></item>
				<item id="study_newmember_title"><![CDATA[最新会员]]></item>
				<item id="study_posts_title"><![CDATA[本月发贴]]></item>
				<item id="study_online_title"><![CDATA[在线排行]]></item>
				<item id="study_credits_title"><![CDATA[积分排行]]></item>
				<item id="study_nge_admincp_1"><![CDATA[更新缓存成功，共更新]]></item>
				<item id="study_nge_admincp_2"><![CDATA[项缓存。]]></item>
				<item id="study_nge_admincp_3"><![CDATA[选择更新的选项 - 下边只会显示你启用的功能，勾选后点提交即可更新该项缓存，如都不勾选，则更新全部缓存。]]></item>
				<item id="study_nge_admincp_4"><![CDATA[选择更新的选项]]></item>
				<item id="study_nge_admincp_5"><![CDATA[更新缓存]]></item>
				<item id="admin_title"><![CDATA[【1314学习网】插件设置 - 使用问题请到1314学习网（www.1314study.com）反馈]]></item>
				<item id="slang_001"><![CDATA[恭喜你，你的帖子 <a href=forum.php?mod=viewthread&tid={tid} target=_blank>{subject}</a> 被 {actor} 推荐到首页N格中。]]></item>
				<item id="slang_002"><![CDATA[本版块未开启推荐到N格功能]]></item>
				<item id="slang_003"><![CDATA[帖子不存在，或已被删除]]></item>
				<item id="slang_004"><![CDATA[修改成功]]></item>
				<item id="slang_005"><![CDATA[删除成功]]></item>
				<item id="slang_006"><![CDATA[添加成功]]></item>
				<item id="slang_007"><![CDATA[你的用户组无权进行本操作]]></item>
				<item id="slang_1"><![CDATA[00000000000000000000]]></item>
				<item id="slang_2"><![CDATA[0000]]></item>
				<item id="slang_3"><![CDATA[000000000]]></item>
				<item id="slang_4"><![CDATA[http://www.ymg6.com/]]></item>
				<item id="slang_5"><![CDATA[http://127.0.0.1/]]></item>
				<item id="slang_6"><![CDATA[0000000000000]]></item>
				<item id="slang_7"><![CDATA[49009e137895c42906a61dc2d668d288]]></item>
				<item id="slang_8"><![CDATA[000000000000000000000000000000000http://www.ymg6.com/http://127.0.0.1/0000000000000]]></item>
			</item>
			<item id="templatelang">
				<item id="attach_img"><![CDATA[有图片]]></item>
				<item id="attachment"><![CDATA[有附件]]></item>
				<item id="thread_digest"><![CDATA[精华]]></item>
				<item id="rate_credit_add"><![CDATA[帖子被加分]]></item>
				<item id="posts_deducted"><![CDATA[帖子被减分]]></item>
				<item id="study_nge_title_tie"><![CDATA[帖]]></item>
				<item id="study_nge_title_hour"><![CDATA[小时]]></item>
				<item id="study_nge_title_credits"><![CDATA[积分]]></item>
				<item id="study_nge_tmp_001"><![CDATA[快速回复...]]></item>
				<item id="study_nge_tmp_002"><![CDATA[收起、展开N格]]></item>
				<item id="study_nge_tmp_003"><![CDATA[下载桌面快捷访问]]></item>
				<item id="study_nge_tmp_004"><![CDATA[列表]]></item>
				<item id="study_nge_tmp_005"><![CDATA[在线]]></item>
				<item id="study_nge_tmp_006"><![CDATA[发帖时间：]]></item>
				<item id="study_nge_tmp_007"><![CDATA[查看：]]></item>
				<item id="study_nge_tmp_008"><![CDATA[回帖：]]></item>
				<item id="study_nge_tmp_009"><![CDATA[回帖内容不能为空]]></item>
				<item id="study_nge_tmp_010"><![CDATA[回帖]]></item>
				<item id="study_nge_tmp_011"><![CDATA[版块:]]></item>
				<item id="study_nge_tmp_012"><![CDATA[标题:]]></item>
				<item id="study_nge_tmp_013"><![CDATA[发表:]]></item>
				<item id="study_nge_tmp_014"><![CDATA[浏览: ]]></item>
				<item id="study_nge_tmp_015"><![CDATA[回复:]]></item>
				<item id="study_nge_tmp_016"><![CDATA[次]]></item>
				<item id="study_nge_tmp_017"><![CDATA[用户名：]]></item>
				<item id="study_nge_tmp_018"><![CDATA[发帖数：]]></item>
				<item id="study_nge_tmp_019"><![CDATA[篇]]></item>
				<item id="study_nge_tmp_020"><![CDATA[总积分：]]></item>
				<item id="study_nge_tmp_021"><![CDATA[无人登榜，我要上榜]]></item>
				<item id="study_nge_tmp_022"><![CDATA[次]]></item>
				<item id="study_nge_tmp_023"><![CDATA[推荐帖子]]></item>
				<item id="study_nge_tmp_024"><![CDATA[修改]]></item>
				<item id="study_nge_tmp_025"><![CDATA[删除]]></item>
				<item id="study_nge_tmp_026"><![CDATA[帖子标题：]]></item>
				<item id="study_nge_tmp_027"><![CDATA[更新为首条数据]]></item>
				<item id="study_nge_tmp_028"><![CDATA[通知作者]]></item>
				<item id="study_nge_tmp_029"><![CDATA[切换风格]]></item>
				<item id="study_nge_tmp_030"><![CDATA[默认]]></item>
				<item id="study_nge_tmp_031"><![CDATA[蓝色]]></item>
				<item id="study_nge_tmp_032"><![CDATA[红色]]></item>
				<item id="study_nge_tmp_033"><![CDATA[青色]]></item>
				<item id="study_nge_tmp_034"><![CDATA[橙色]]></item>
				<item id="study_nge_tmp_035"><![CDATA[紫色]]></item>
				<item id="study_nge_tmp_036"><![CDATA[白色]]></item>
				<item id="plugin_name"><![CDATA[首页N格]]></item>
				<item id="nge_faq"><![CDATA[首页N格帮助页面]]></item>
			</item>
		</item>
		<item id="installfile"><![CDATA[install.php]]></item>
		<item id="uninstallfile"><![CDATA[uninstall.php]]></item>
		<item id="upgradefile"><![CDATA[upgrade.php]]></item>
		<item id="checkfile"><![CDATA[check.php]]></item>
		<item id="enablefile"><![CDATA[enable.php]]></item>
		<item id="disablefile"><![CDATA[disable.php]]></item>
	</item>
</root>