﻿<?xml version="1.0" encoding="ISO-8859-1"?>
<root>
	<item id="Title"><![CDATA[Discuz! Plugin]]></item>
	<item id="Version"><![CDATA[X2,X2.5,X3,X3.1,X3.2,F1.0,L1.0,X3.3,X3.4]]></item>
	<item id="Time"><![CDATA[2017-10-05 11:33]]></item>
	<item id="From"><![CDATA[源碼哥（www.ymg6.com）]]></item>
	<item id="Data">
		<item id="plugin">
			<item id="available"><![CDATA[1]]></item>
			<item id="adminid"><![CDATA[1]]></item>
			<item id="name"><![CDATA[源碼哥_[1314]首頁N格]]></item>
			<item id="identifier"><![CDATA[study_nge]]></item>
			<item id="description"><![CDATA[使用問題請到1314學習網反饋：http://www.1314study.com]]></item>
			<item id="datatables"><![CDATA[]]></item>
			<item id="directory"><![CDATA[study_nge/]]></item>
			<item id="copyright"><![CDATA[源碼哥（www.ymg6.com）]]></item>
			<item id="version"><![CDATA[s2.7.3]]></item>
			<item id="__modules">
				<item id="0">
					<item id="name"><![CDATA[nge]]></item>
					<item id="menu"><![CDATA[]]></item>
					<item id="url"><![CDATA[]]></item>
					<item id="type"><![CDATA[11]]></item>
					<item id="adminid"><![CDATA[0]]></item>
					<item id="displayorder"><![CDATA[1]]></item>
					<item id="navtitle"><![CDATA[]]></item>
					<item id="navicon"><![CDATA[]]></item>
					<item id="navsubname"><![CDATA[]]></item>
					<item id="navsuburl"><![CDATA[]]></item>
				</item>
				<item id="1">
					<item id="name"><![CDATA[manage]]></item>
					<item id="menu"><![CDATA[高級設置]]></item>
					<item id="url"><![CDATA[]]></item>
					<item id="type"><![CDATA[3]]></item>
					<item id="adminid"><![CDATA[0]]></item>
					<item id="displayorder"><![CDATA[1]]></item>
					<item id="navtitle"><![CDATA[]]></item>
					<item id="navicon"><![CDATA[]]></item>
					<item id="navsubname"><![CDATA[]]></item>
					<item id="navsuburl"><![CDATA[]]></item>
				</item>
				<item id="2">
					<item id="name"><![CDATA[admincp]]></item>
					<item id="menu"><![CDATA[<b style=color:red>更新緩存</b>]]></item>
					<item id="url"><![CDATA[]]></item>
					<item id="type"><![CDATA[3]]></item>
					<item id="adminid"><![CDATA[0]]></item>
					<item id="displayorder"><![CDATA[2]]></item>
					<item id="navtitle"><![CDATA[]]></item>
					<item id="navicon"><![CDATA[]]></item>
					<item id="navsubname"><![CDATA[]]></item>
					<item id="navsuburl"><![CDATA[]]></item>
				</item>
				<item id="3">
					<item id="name"><![CDATA[wsqcp]]></item>
					<item id="menu"><![CDATA[微社區設置]]></item>
					<item id="url"><![CDATA[]]></item>
					<item id="type"><![CDATA[3]]></item>
					<item id="adminid"><![CDATA[0]]></item>
					<item id="displayorder"><![CDATA[3]]></item>
					<item id="navtitle"><![CDATA[]]></item>
					<item id="navicon"><![CDATA[]]></item>
					<item id="navsubname"><![CDATA[]]></item>
					<item id="navsuburl"><![CDATA[]]></item>
				</item>
				<item id="4">
					<item id="name"><![CDATA[feedback]]></item>
					<item id="menu"><![CDATA[<b style=color:green>問題反饋</b>]]></item>
					<item id="url"><![CDATA[]]></item>
					<item id="type"><![CDATA[3]]></item>
					<item id="adminid"><![CDATA[0]]></item>
					<item id="displayorder"><![CDATA[4]]></item>
					<item id="navtitle"><![CDATA[]]></item>
					<item id="navicon"><![CDATA[]]></item>
					<item id="navsubname"><![CDATA[]]></item>
					<item id="navsuburl"><![CDATA[]]></item>
				</item>
				<item id="5">
					<item id="name"><![CDATA[addon]]></item>
					<item id="menu"><![CDATA[<font color=red>獲取更多插件</font>]]></item>
					<item id="url"><![CDATA[]]></item>
					<item id="type"><![CDATA[3]]></item>
					<item id="adminid"><![CDATA[0]]></item>
					<item id="displayorder"><![CDATA[6]]></item>
					<item id="navtitle"><![CDATA[]]></item>
					<item id="navicon"><![CDATA[]]></item>
					<item id="navsubname"><![CDATA[]]></item>
					<item id="navsuburl"><![CDATA[]]></item>
				</item>
				<item id="1999">
					<item id="name"><![CDATA[admincp_addonymg]]></item>
					<item id="menu"><![CDATA[<span style="color:#E53333;"><b>使用教程</b></span>]]></item>
					<item id="url"><![CDATA[]]></item>
					<item id="type"><![CDATA[3]]></item>
					<item id="adminid"><![CDATA[0]]></item>
					<item id="displayorder"><![CDATA[0]]></item>
					<item id="navtitle"><![CDATA[]]></item>
					<item id="navicon"><![CDATA[]]></item>
					<item id="navsubname"><![CDATA[]]></item>
					<item id="navsuburl"><![CDATA[]]></item>
				</item>
			</item>
		</item>
		<item id="version"><![CDATA[X2,X2.5,X3,X3.1,X3.2,F1.0,L1.0,X3.3,X3.4]]></item>
		<item id="var">
			<item id="0">
				<item id="displayorder"><![CDATA[1]]></item>
				<item id="title"><![CDATA[[公共]緩存總開關]]></item>
				<item id="description"><![CDATA[開啟此開關后下邊的緩存設置才有效，即這里可以直接關閉所有緩存]]></item>
				<item id="variable"><![CDATA[cache_radio]]></item>
				<item id="type"><![CDATA[radio_1314]]></item>
				<item id="value"><![CDATA[1]]></item>
				<item id="extra"><![CDATA[]]></item>
			</item>
			<item id="1">
				<item id="displayorder"><![CDATA[2]]></item>
				<item id="title"><![CDATA[[公共]使用的模板]]></item>
				<item id="description"><![CDATA[]]></item>
				<item id="variable"><![CDATA[template_default]]></item>
				<item id="type"><![CDATA[select_1314]]></item>
				<item id="value"><![CDATA[default]]></item>
				<item id="extra"><![CDATA[default = 默認模板
phpwind =phpwind經典模板
xshow = kk_xshow默認模板]]></item>
			</item>
			<item id="2">
				<item id="displayorder"><![CDATA[3]]></item>
				<item id="title"><![CDATA[[公共]擴展配色設置]]></item>
				<item id="description"><![CDATA[]]></item>
				<item id="variable"><![CDATA[common_extstyle]]></item>
				<item id="type"><![CDATA[select_1314]]></item>
				<item id="value"><![CDATA[auto]]></item>
				<item id="extra"><![CDATA[auto = 插件自動識別當前模板配色（有誤差）
zdy = 自定義模板配色（自己填寫css）
1 = 藍色
2 = 紅色
3 = 青色
4 = 橙色
5 = 紫色
6 = 白色]]></item>
			</item>
			<item id="3">
				<item id="displayorder"><![CDATA[4]]></item>
				<item id="title"><![CDATA[[公共]自定義配色CSS]]></item>
				<item id="description"><![CDATA[僅當“擴展配色”設置為自定義模板配色時有效。如果你不了解CSS，請不要隨意修改。]]></item>
				<item id="variable"><![CDATA[common_extstyle_zdy]]></item>
				<item id="type"><![CDATA[textarea_1314]]></item>
				<item id="value"><![CDATA[.study_nge_zdy .nge_inactive{ background: #E5EDF2 url("source/plugin/study_nge/images/titlebg.png") repeat-x 0 0;  border-right:1px solid #C2D5E3;border-bottom:1px solid #C2D5E3;}
.study_nge_zdy .nge_active{  border-right:1px solid #C2D5E3;}
.study_nge_zdy .nge_border_left{border-left:1px solid #C2D5E3;}
.study_nge_zdy .nge_border_right{border-right:1px solid #C2D5E3;}
.study_nge_zdy .nge_border{border:1px solid #C2D5E3;}
.study_nge_zdy .bm_h {border-width: 1px 0;background: #E5EDF2 url("source/plugin/study_nge/images/titlebg.png") repeat-x 0 0;padding: 0 10px;height: 31px;border-top: 1px solid #C2D5E3;border-bottom: 1px solid #C2D5E3;line-height: 31px;white-space: nowrap;overflow: hidden;}
.study_nge_zdy .bm_h .o {float: right;width: 30px;}
.study_nge_zdy .bm_h .o img {float: right;margin-top: 11px;cursor: pointer;}
.study_nge_zdy .fl {border: 1px solid #CDCDCD;border-top: none;background: white;}
.study_nge_zdy .bm{margin-bottom: 10px;}
.study_nge_zdy .floattitle{border: 1px solid #CDCDCD;}]]></item>
				<item id="extra"><![CDATA[]]></item>
			</item>
			<item id="4">
				<item id="displayorder"><![CDATA[5]]></item>
				<item id="title"><![CDATA[[公共]N格導航附加信息]]></item>
				<item id="description"><![CDATA[]]></item>
				<item id="variable"><![CDATA[nge_warmprompt]]></item>
				<item id="type"><![CDATA[textarea_1314]]></item>
				<item id="value"><![CDATA[<script language="JavaScript">
day = new Date( )
nge_Hour = day.getHours( )
var nge_warmprompt = "";
if (nge_Hour == 0)
nge_warmprompt = "現在已經過凌晨了，身體是無價的資本喔，早點休息吧！"
if (nge_Hour == 1)
nge_warmprompt = "凌晨1點多了，工作是永遠都做不完的，別熬壞身子！"
if (nge_Hour == 2)
nge_warmprompt = "該休息了，身體可是革命的本錢啊！"
if (nge_Hour == 3)
nge_warmprompt = "夜深了，熬夜很容易導致身體內分泌失調，長痘痘的！"
if (nge_Hour == 4)
nge_warmprompt = "四點過了，你明天不上班？？？"
if (nge_Hour == 5)
nge_warmprompt = "你知道嗎，此時是國內網絡速度最快的時候！"
if (nge_Hour == 6)
nge_warmprompt = "清晨好，這麼早就上論壇啦，昨晚做的夢好嗎？ "
if (nge_Hour == 7)
nge_warmprompt = "新的一天又開始了，祝你過得快樂!"
if (nge_Hour == 8)
nge_warmprompt = "早上好，一天之際在于晨，又是美好的一天！"
if ((nge_Hour == 9) || (nge_Hour ==10))
nge_warmprompt = "上午好！今天你看上去好精神哦！"
if (( nge_Hour == 11) || (nge_Hour == 12))
nge_warmprompt = "該吃午飯啦！有什么好吃的？您有中午休息的好習慣嗎？"
if (( nge_Hour >= 13) && (nge_Hour <= 17))
nge_warmprompt = "下午好！外面的天氣好嗎？記得朵朵白云曾捎來朋友殷殷的祝福。"
if (( nge_Hour >= 17) && (nge_Hour <= 18))
nge_warmprompt = "太陽落山了！快看看夕陽吧！如果外面下雨，就不必了 ^_^"
if (( nge_Hour >= 18) && (nge_Hour <= 19))
nge_warmprompt = "晚上好，今天的心情怎么樣，來論壇和我們訴說吧！"
if (( nge_Hour >= 19) && (nge_Hour <= 21))
nge_warmprompt = "忙碌了一天，累了吧？來玩玩應用游戲，放松下吧！"
if (( nge_Hour >= 22) && (nge_Hour <= 23))
nge_warmprompt = "這么晚了，還在上網？早點洗洗睡吧，睡前記得洗洗臉喔！"
document.write("　　<b style='color:#2E9AFE'>『溫馨提示』")
document.write(nge_warmprompt)
document.write("</b>")
</script>]]></item>
				<item id="extra"><![CDATA[]]></item>
			</item>
			<item id="5">
				<item id="displayorder"><![CDATA[6]]></item>
				<item id="title"><![CDATA[[公共]不顯示N格的用戶組]]></item>
				<item id="description"><![CDATA[]]></item>
				<item id="variable"><![CDATA[common_gids]]></item>
				<item id="type"><![CDATA[groups_1314]]></item>
				<item id="extra"><![CDATA[]]></item>
				<item id="__value">
					<item id="0"><![CDATA[]]></item>
				</item>
			</item>
			<item id="6">
				<item id="displayorder"><![CDATA[7]]></item>
				<item id="title"><![CDATA[[公共]在什么頁面顯示]]></item>
				<item id="description"><![CDATA[]]></item>
				<item id="variable"><![CDATA[common_show]]></item>
				<item id="type"><![CDATA[selects_1314]]></item>
				<item id="extra"><![CDATA[1 = 門戶首頁
2 = 論壇首頁
3 = 論壇分區頁面]]></item>
				<item id="__value">
					<item id="0"><![CDATA[2]]></item>
				</item>
			</item>
			<item id="7">
				<item id="displayorder"><![CDATA[9]]></item>
				<item id="title"><![CDATA[[公共]帖子顯示圖標]]></item>
				<item id="description"><![CDATA[顯示的圖標包括：有圖片、有附件、精華、帖子被加減分]]></item>
				<item id="variable"><![CDATA[common_icon_radio]]></item>
				<item id="type"><![CDATA[radio_1314]]></item>
				<item id="value"><![CDATA[0]]></item>
				<item id="extra"><![CDATA[]]></item>
			</item>
			<item id="8">
				<item id="displayorder"><![CDATA[10]]></item>
				<item id="title"><![CDATA[[公共]是否顯示會員名片]]></item>
				<item id="description"><![CDATA[]]></item>
				<item id="variable"><![CDATA[showusercard_radio]]></item>
				<item id="type"><![CDATA[radio_1314]]></item>
				<item id="value"><![CDATA[0]]></item>
				<item id="extra"><![CDATA[]]></item>
			</item>
			<item id="9">
				<item id="displayorder"><![CDATA[11]]></item>
				<item id="title"><![CDATA[[公共]帖子名片顯示方式]]></item>
				<item id="description"><![CDATA[高級帶回復 和 簡潔大方版 在部分論壇無法使用，未查明原因。]]></item>
				<item id="variable"><![CDATA[threadcard_select2]]></item>
				<item id="type"><![CDATA[select_1314]]></item>
				<item id="value"><![CDATA[2]]></item>
				<item id="extra"><![CDATA[1 = 關閉名片
2 = 默認title版
3 = 高級帶回復
4 = 簡潔大方版]]></item>
			</item>
			<item id="10">
				<item id="displayorder"><![CDATA[12]]></item>
				<item id="title"><![CDATA[[公共]版塊選擇（全局）]]></item>
				<item id="description"><![CDATA[【為空則顯示所有版塊】
【1-6功能如果版塊未設置的話，會自動調用此設置】
【1-6功能如果版塊未設置的話，會自動調用此設置】
【1-6功能如果版塊未設置的話，會自動調用此設置】
【1-6功能如果版塊未設置的話，會自動調用此設置】]]></item>
				<item id="variable"><![CDATA[fids_show]]></item>
				<item id="type"><![CDATA[forums_1314]]></item>
				<item id="extra"><![CDATA[]]></item>
				<item id="__value">
					<item id="0"><![CDATA[]]></item>
				</item>
			</item>
			<item id="11">
				<item id="displayorder"><![CDATA[13]]></item>
				<item id="title"><![CDATA[[公共]2-6功能排序及開關]]></item>
				<item id="description"><![CDATA[【帖子功能開關和排序】本設置用于對2-6項功能的顯示順序進行排序，同時也是作為2-6項功能的開關，即此配置中未填入的功能將自動關閉。默認設置為：2,3,4,5,6
逗號為英文輸入法下的逗號，請不要出入除2、3、4、5、6以外的數字，反正輸入也沒用]]></item>
				<item id="variable"><![CDATA[middle_order]]></item>
				<item id="type"><![CDATA[text_1314]]></item>
				<item id="value"><![CDATA[2,3,4,5,6]]></item>
				<item id="extra"><![CDATA[]]></item>
			</item>
			<item id="12">
				<item id="displayorder"><![CDATA[14]]></item>
				<item id="title"><![CDATA[[公共]橫排頭像設置7-10]]></item>
				<item id="description"><![CDATA[【底部會員頭像橫排功能開關和排序】本設置用于對7-10項功能的顯示順序進行排序，同時也是作為7-10項功能的開關，即此配置中未填入的功能將自動關閉。默認設置為：10
逗號為英文輸入法下的逗號，請不要出入除7、8、9、10以外的數字，反正輸入也沒用]]></item>
				<item id="variable"><![CDATA[bottom_avatar]]></item>
				<item id="type"><![CDATA[text_1314]]></item>
				<item id="value"><![CDATA[7]]></item>
				<item id="extra"><![CDATA[]]></item>
			</item>
			<item id="13">
				<item id="displayorder"><![CDATA[15]]></item>
				<item id="title"><![CDATA[[公共]N格右側功能設置7-10]]></item>
				<item id="description"><![CDATA[【右側會員功能開關和排序】本設置用于對7-10項功能的顯示順序進行排序，同時也是作為7-10項功能的開關，即此配置中未填入的功能將自動關閉。默認設置為：8,9,10
逗號為英文輸入法下的逗號，請不要出入除7、8、9、10以外的數字，反正輸入也沒用]]></item>
				<item id="variable"><![CDATA[right_order]]></item>
				<item id="type"><![CDATA[text_1314]]></item>
				<item id="value"><![CDATA[8,9,10]]></item>
				<item id="extra"><![CDATA[]]></item>
			</item>
			<item id="14">
				<item id="displayorder"><![CDATA[16]]></item>
				<item id="title"><![CDATA[[公共]標題長度]]></item>
				<item id="description"><![CDATA[【本設置對圖片幻燈片無效】]]></item>
				<item id="variable"><![CDATA[subject_length]]></item>
				<item id="type"><![CDATA[number_1314]]></item>
				<item id="value"><![CDATA[50]]></item>
				<item id="extra"><![CDATA[]]></item>
			</item>
			<item id="15">
				<item id="displayorder"><![CDATA[17]]></item>
				<item id="title"><![CDATA[[公共]鏈接是否新帖打開]]></item>
				<item id="description"><![CDATA[]]></item>
				<item id="variable"><![CDATA[target_blank_radio]]></item>
				<item id="type"><![CDATA[radio_1314]]></item>
				<item id="value"><![CDATA[1]]></item>
				<item id="extra"><![CDATA[]]></item>
			</item>
			<item id="16">
				<item id="displayorder"><![CDATA[18]]></item>
				<item id="title"><![CDATA[[公共]顯示的數據條數]]></item>
				<item id="description"><![CDATA[【本設置對圖片幻燈片顯示條數無效，但會使圖片幻燈片等比例擴大、縮小】]]></item>
				<item id="variable"><![CDATA[data_num]]></item>
				<item id="type"><![CDATA[number_1314]]></item>
				<item id="value"><![CDATA[10]]></item>
				<item id="extra"><![CDATA[5 = 5條數據
8 = 8條數據
10 = 10條數據
12 = 12條數據
15 = 15條數據]]></item>
			</item>
			<item id="17">
				<item id="displayorder"><![CDATA[20]]></item>
				<item id="title"><![CDATA[[公共]是否高亮主題]]></item>
				<item id="description"><![CDATA[]]></item>
				<item id="variable"><![CDATA[highlight_radio]]></item>
				<item id="type"><![CDATA[radio_1314]]></item>
				<item id="value"><![CDATA[1]]></item>
				<item id="extra"><![CDATA[]]></item>
			</item>
			<item id="18">
				<item id="displayorder"><![CDATA[21]]></item>
				<item id="title"><![CDATA[[公共]帖子右側顯示內容]]></item>
				<item id="description"><![CDATA[]]></item>
				<item id="variable"><![CDATA[common_tiezi_right]]></item>
				<item id="type"><![CDATA[select_1314]]></item>
				<item id="value"><![CDATA[3]]></item>
				<item id="extra"><![CDATA[1 = 不顯示任何內容
2 = 顯示時間
3 = 顯示用戶名]]></item>
			</item>
			<item id="19">
				<item id="displayorder"><![CDATA[22]]></item>
				<item id="title"><![CDATA[[公共]右側顯示回帖人信息]]></item>
				<item id="description"><![CDATA[哪些帖子功能右側顯示回帖人信息，而不是發帖人信息，請使用功能的數字標號，如：3，多個用英文逗號隔開：3,4,5。這里決定帖子右側顯示的信息是發帖人的還是最后回帖人的，如最新回帖你希望帖子右側顯示的是回帖人的信息，則把最新回帖功能對應的數字ID填到這里]]></item>
				<item id="variable"><![CDATA[common_tiezi_right_reply]]></item>
				<item id="type"><![CDATA[text_1314]]></item>
				<item id="value"><![CDATA[3]]></item>
				<item id="extra"><![CDATA[]]></item>
			</item>
			<item id="20">
				<item id="displayorder"><![CDATA[23]]></item>
				<item id="title"><![CDATA[[公共]會員右側內容顏色]]></item>
				<item id="description"><![CDATA[]]></item>
				<item id="variable"><![CDATA[common_hy_right_color]]></item>
				<item id="type"><![CDATA[color_1314]]></item>
				<item id="value"><![CDATA[#3399CC]]></item>
				<item id="extra"><![CDATA[]]></item>
			</item>
			<item id="21">
				<item id="displayorder"><![CDATA[24]]></item>
				<item id="title"><![CDATA[[公共]帖子右側內容顏色]]></item>
				<item id="description"><![CDATA[默認：#95B9FF]]></item>
				<item id="variable"><![CDATA[common_tiezi_right_color]]></item>
				<item id="type"><![CDATA[color_1314]]></item>
				<item id="value"><![CDATA[]]></item>
				<item id="extra"><![CDATA[]]></item>
			</item>
			<item id="22">
				<item id="displayorder"><![CDATA[25]]></item>
				<item id="title"><![CDATA[[公共]自定義樣式]]></item>
				<item id="description"><![CDATA[CSS樣式設置規則如下：
1、font-family: Georgia;
2、font:italic bold 12px/30px arial,sans-serif;
3、font-style:normal;
4、font-weight: bold;
5、background: #FFFFFF;]]></item>
				<item id="variable"><![CDATA[common_font_css]]></item>
				<item id="type"><![CDATA[textarea_1314]]></item>
				<item id="value"><![CDATA[]]></item>
				<item id="extra"><![CDATA[]]></item>
			</item>
			<item id="23">
				<item id="displayorder"><![CDATA[26]]></item>
				<item id="title"><![CDATA[[公共]標題（導航）的顏色]]></item>
				<item id="description"><![CDATA[默認為空，插件自動調整。老版本的默認顏色：#EAF2FA]]></item>
				<item id="variable"><![CDATA[header_color]]></item>
				<item id="type"><![CDATA[color_1314]]></item>
				<item id="value"><![CDATA[]]></item>
				<item id="extra"><![CDATA[]]></item>
			</item>
			<item id="24">
				<item id="displayorder"><![CDATA[27]]></item>
				<item id="title"><![CDATA[[公共]N格邊框顏色]]></item>
				<item id="description"><![CDATA[默認為空，插件自動調整]]></item>
				<item id="variable"><![CDATA[border_color]]></item>
				<item id="type"><![CDATA[color_1314]]></item>
				<item id="value"><![CDATA[]]></item>
				<item id="extra"><![CDATA[]]></item>
			</item>
			<item id="25">
				<item id="displayorder"><![CDATA[28]]></item>
				<item id="title"><![CDATA[[公共]是否顯示版塊名]]></item>
				<item id="description"><![CDATA[]]></item>
				<item id="variable"><![CDATA[common_fid_radio]]></item>
				<item id="type"><![CDATA[radio_1314]]></item>
				<item id="value"><![CDATA[1]]></item>
				<item id="extra"><![CDATA[]]></item>
			</item>
			<item id="26">
				<item id="displayorder"><![CDATA[29]]></item>
				<item id="title"><![CDATA[[公共]時鐘格式]]></item>
				<item id="description"><![CDATA[本設置僅對默認模板有效]]></item>
				<item id="variable"><![CDATA[common_clock_mode]]></item>
				<item id="type"><![CDATA[select_1314]]></item>
				<item id="value"><![CDATA[2]]></item>
				<item id="extra"><![CDATA[1 = 不顯示時鐘
2 = 12小時制（老版）
3 = 24小時制（新版）]]></item>
			</item>
			<item id="27">
				<item id="displayorder"><![CDATA[30]]></item>
				<item id="title"><![CDATA[[公共]過濾版塊名的html標簽 ...]]></item>
				<item id="description"><![CDATA[在X2.5版塊名稱中設置了html便簽(如&lt;font size=3&gt;版塊名&lt;font&gt;)時開啟本開關可過濾html便簽,X2無視本設置，無需過濾也請無視本設置。]]></item>
				<item id="variable"><![CDATA[common_strip_tags_radio]]></item>
				<item id="type"><![CDATA[radio_1314]]></item>
				<item id="value"><![CDATA[0]]></item>
				<item id="extra"><![CDATA[]]></item>
			</item>
			<item id="28">
				<item id="displayorder"><![CDATA[31]]></item>
				<item id="title"><![CDATA[[1]緩存時間（秒）]]></item>
				<item id="description"><![CDATA[默認3600秒，即緩存1小時]]></item>
				<item id="variable"><![CDATA[pic_cache_time]]></item>
				<item id="type"><![CDATA[number_1314]]></item>
				<item id="value"><![CDATA[3600]]></item>
				<item id="extra"><![CDATA[]]></item>
			</item>
			<item id="29">
				<item id="displayorder"><![CDATA[32]]></item>
				<item id="title"><![CDATA[[1]幻燈片頭部廣告位]]></item>
				<item id="description"><![CDATA[支持百度。谷歌等聯盟js廣告，建議大小300*250。。。只有在幻燈片風格選擇js幻燈片時有效。
【建議】：百度、谷歌可能會認為如此投放廣告有誘導嫌疑，所以不建議在此處放置百度、谷歌的廣告，請自行酌情投放廣告。]]></item>
				<item id="variable"><![CDATA[pic_ad_first]]></item>
				<item id="type"><![CDATA[textarea_1314]]></item>
				<item id="value"><![CDATA[]]></item>
				<item id="extra"><![CDATA[]]></item>
			</item>
			<item id="30">
				<item id="displayorder"><![CDATA[33]]></item>
				<item id="title"><![CDATA[[1]幻燈片尾部廣告位]]></item>
				<item id="description"><![CDATA[支持百度。谷歌等聯盟js廣告，建議大小300*250。。。只有在幻燈片風格選擇js幻燈片時有效
【建議】：百度、谷歌可能會認為如此投放廣告有誘導嫌疑，所以不建議在此處放置百度、谷歌的廣告，請自行酌情投放廣告。]]></item>
				<item id="variable"><![CDATA[pic_ad_last]]></item>
				<item id="type"><![CDATA[textarea_1314]]></item>
				<item id="value"><![CDATA[]]></item>
				<item id="extra"><![CDATA[]]></item>
			</item>
			<item id="31">
				<item id="displayorder"><![CDATA[34]]></item>
				<item id="title"><![CDATA[[1]是否顯示帖子標題]]></item>
				<item id="description"><![CDATA[]]></item>
				<item id="variable"><![CDATA[pic_title_radio]]></item>
				<item id="type"><![CDATA[radio_1314]]></item>
				<item id="value"><![CDATA[1]]></item>
				<item id="extra"><![CDATA[]]></item>
			</item>
			<item id="32">
				<item id="displayorder"><![CDATA[35]]></item>
				<item id="title"><![CDATA[[1]標題長度]]></item>
				<item id="description"><![CDATA[]]></item>
				<item id="variable"><![CDATA[pic_title_length]]></item>
				<item id="type"><![CDATA[number_1314]]></item>
				<item id="value"><![CDATA[30]]></item>
				<item id="extra"><![CDATA[]]></item>
			</item>
			<item id="33">
				<item id="displayorder"><![CDATA[36]]></item>
				<item id="title"><![CDATA[[1]圖片文字欄的透明度]]></item>
				<item id="description"><![CDATA[設置0-100之間的數字，數字越大透明度越小，即100為不透明]]></item>
				<item id="variable"><![CDATA[pic_transparent]]></item>
				<item id="type"><![CDATA[number_1314]]></item>
				<item id="value"><![CDATA[60]]></item>
				<item id="extra"><![CDATA[]]></item>
			</item>
			<item id="34">
				<item id="displayorder"><![CDATA[37]]></item>
				<item id="title"><![CDATA[[1]圖片文字顏色]]></item>
				<item id="description"><![CDATA[]]></item>
				<item id="variable"><![CDATA[pic_color]]></item>
				<item id="type"><![CDATA[color_1314]]></item>
				<item id="value"><![CDATA[#FFFFFF]]></item>
				<item id="extra"><![CDATA[]]></item>
			</item>
			<item id="35">
				<item id="displayorder"><![CDATA[38]]></item>
				<item id="title"><![CDATA[[1]圖片切換時間（秒）]]></item>
				<item id="description"><![CDATA[本設置對選擇js圖片幻燈片的無效]]></item>
				<item id="variable"><![CDATA[pic_cut]]></item>
				<item id="type"><![CDATA[number_1314]]></item>
				<item id="value"><![CDATA[3]]></item>
				<item id="extra"><![CDATA[]]></item>
			</item>
			<item id="36">
				<item id="displayorder"><![CDATA[38]]></item>
				<item id="title"><![CDATA[[1]顯示幾張圖片]]></item>
				<item id="description"><![CDATA[]]></item>
				<item id="variable"><![CDATA[pic_num]]></item>
				<item id="type"><![CDATA[number_1314]]></item>
				<item id="value"><![CDATA[5]]></item>
				<item id="extra"><![CDATA[]]></item>
			</item>
			<item id="37">
				<item id="displayorder"><![CDATA[39]]></item>
				<item id="title"><![CDATA[[1]圖片文字背景顏色]]></item>
				<item id="description"><![CDATA[]]></item>
				<item id="variable"><![CDATA[pic_bgcolor]]></item>
				<item id="type"><![CDATA[color_1314]]></item>
				<item id="value"><![CDATA[#3399ff]]></item>
				<item id="extra"><![CDATA[]]></item>
			</item>
			<item id="38">
				<item id="displayorder"><![CDATA[39]]></item>
				<item id="title"><![CDATA[[1]自定義圖片的文字]]></item>
				<item id="description"><![CDATA[填寫圖片對應的文字，每行一個，請與填寫的圖片數相同【換行用回車】]]></item>
				<item id="variable"><![CDATA[pic_zdy_text]]></item>
				<item id="type"><![CDATA[textarea_1314]]></item>
				<item id="value"><![CDATA[圖片標題一如：今天天氣真好
圖片的標題二
圖片的標題三
圖片的標題四]]></item>
				<item id="extra"><![CDATA[]]></item>
			</item>
			<item id="39">
				<item id="displayorder"><![CDATA[40]]></item>
				<item id="title"><![CDATA[[1]自定義圖片鏈接地址]]></item>
				<item id="description"><![CDATA[填寫圖片對應的鏈接地址，每行一個，請與填寫的圖片數相同【換行用回車】]]></item>
				<item id="variable"><![CDATA[pic_zdy_url]]></item>
				<item id="type"><![CDATA[textarea_1314]]></item>
				<item id="value"><![CDATA[圖片跳轉地址一，如：http://1314.com
圖片點擊后跳轉到的地址（URL）二
圖片點擊后跳轉到的地址（URL）三
圖片點擊后跳轉到的地址（URL）四]]></item>
				<item id="extra"><![CDATA[]]></item>
			</item>
			<item id="40">
				<item id="displayorder"><![CDATA[41]]></item>
				<item id="title"><![CDATA[[1]自定義圖片地址]]></item>
				<item id="description"><![CDATA[填寫圖片地址，每行一個圖片地址【換行用回車】]]></item>
				<item id="variable"><![CDATA[pic_zdy_pic]]></item>
				<item id="type"><![CDATA[textarea_1314]]></item>
				<item id="value"><![CDATA[圖片一，如：http://1314.com/tu.jpg
圖片地址二
圖片地址三
圖片地址四]]></item>
				<item id="extra"><![CDATA[]]></item>
			</item>
			<item id="41">
				<item id="displayorder"><![CDATA[42]]></item>
				<item id="title"><![CDATA[[1]最新圖片文字設置]]></item>
				<item id="description"><![CDATA[默認為：最新圖片]]></item>
				<item id="variable"><![CDATA[pic_title]]></item>
				<item id="type"><![CDATA[text_1314]]></item>
				<item id="value"><![CDATA[最新圖片]]></item>
				<item id="extra"><![CDATA[]]></item>
			</item>
			<item id="42">
				<item id="displayorder"><![CDATA[43]]></item>
				<item id="title"><![CDATA[[1]圖片調用版塊設置]]></item>
				<item id="description"><![CDATA[為空則調用【[公共]版塊選擇】的設置
為空則調用【[公共]版塊選擇】的設置
為空則調用【[公共]版塊選擇】的設置
為空則調用【[公共]版塊選擇】的設置
為空則調用【[公共]版塊選擇】的設置]]></item>
				<item id="variable"><![CDATA[pic_fids]]></item>
				<item id="type"><![CDATA[forums_1314]]></item>
				<item id="extra"><![CDATA[]]></item>
				<item id="__value">
					<item id="0"><![CDATA[]]></item>
				</item>
			</item>
			<item id="43">
				<item id="displayorder"><![CDATA[44]]></item>
				<item id="title"><![CDATA[[1]只查詢幾天內的圖片數據]]></item>
				<item id="description"><![CDATA[只查詢幾天內的圖片數據，單位：天（指24小時），對于數據量大的網站一般設置越小查詢速度越快，圖片更新快的網站適當減少本設置，最低設置為一天，即只查詢24小時內的數據。]]></item>
				<item id="variable"><![CDATA[pic_limit_day]]></item>
				<item id="type"><![CDATA[number_1314]]></item>
				<item id="value"><![CDATA[1314]]></item>
				<item id="extra"><![CDATA[]]></item>
			</item>
			<item id="44">
				<item id="displayorder"><![CDATA[45]]></item>
				<item id="title"><![CDATA[[1]圖片附件查詢方式]]></item>
				<item id="description"><![CDATA[方式一是普通的查詢方式（建議），方式二可能效率高一點，但可能存在查詢出的數據少于設置的數量。]]></item>
				<item id="variable"><![CDATA[pic_select_way]]></item>
				<item id="type"><![CDATA[select_1314]]></item>
				<item id="value"><![CDATA[1]]></item>
				<item id="extra"><![CDATA[1 = 查詢方式一
2 = 查詢方式二]]></item>
			</item>
			<item id="45">
				<item id="displayorder"><![CDATA[46]]></item>
				<item id="title"><![CDATA[[1]縮略圖高度]]></item>
				<item id="description"><![CDATA[默認250]]></item>
				<item id="variable"><![CDATA[pic_thumb_h2]]></item>
				<item id="type"><![CDATA[number_1314]]></item>
				<item id="value"><![CDATA[250]]></item>
				<item id="extra"><![CDATA[]]></item>
			</item>
			<item id="46">
				<item id="displayorder"><![CDATA[47]]></item>
				<item id="title"><![CDATA[[1]縮略圖寬度]]></item>
				<item id="description"><![CDATA[默認300，本設置同時代表幻燈片寬度，即通過設置這個可以改變幻燈片寬度。]]></item>
				<item id="variable"><![CDATA[pic_thumb_w]]></item>
				<item id="type"><![CDATA[number_1314]]></item>
				<item id="value"><![CDATA[300]]></item>
				<item id="extra"><![CDATA[]]></item>
			</item>
			<item id="47">
				<item id="displayorder"><![CDATA[48]]></item>
				<item id="title"><![CDATA[[1]縮略圖質量]]></item>
				<item id="description"><![CDATA[設置幻燈片縮略圖的質量參數，范圍為 0～100 的整數，數值越大結果圖片效果越好，但尺寸也越大]]></item>
				<item id="variable"><![CDATA[pic_thumb_quality]]></item>
				<item id="type"><![CDATA[number_1314]]></item>
				<item id="value"><![CDATA[60]]></item>
				<item id="extra"><![CDATA[]]></item>
			</item>
			<item id="48">
				<item id="displayorder"><![CDATA[49]]></item>
				<item id="title"><![CDATA[[1]是否生成縮略圖]]></item>
				<item id="description"><![CDATA[開啟縮略圖請確保目錄：data\attachment\study_nge 有讀寫權限
【備注】一些論壇生成縮略圖速度過慢會導致頁面顯示空白，特別是遠程圖片，本身圖片很大、加載很慢，導致生成縮略圖速度過慢。]]></item>
				<item id="variable"><![CDATA[pic_thumb_radio]]></item>
				<item id="type"><![CDATA[radio_1314]]></item>
				<item id="value"><![CDATA[0]]></item>
				<item id="extra"><![CDATA[]]></item>
			</item>
			<item id="49">
				<item id="displayorder"><![CDATA[50]]></item>
				<item id="title"><![CDATA[[1]最新圖片模式]]></item>
				<item id="description"><![CDATA[建議顯示論壇圖片附件]]></item>
				<item id="variable"><![CDATA[pic_select]]></item>
				<item id="type"><![CDATA[select_1314]]></item>
				<item id="value"><![CDATA[2]]></item>
				<item id="extra"><![CDATA[1 = 不顯示圖片幻燈片
2 = 顯示論壇圖片附件
3 = 顯示自定義圖片
4 = 使用外部鏈接圖片]]></item>
			</item>
			<item id="50">
				<item id="displayorder"><![CDATA[51]]></item>
				<item id="title"><![CDATA[[1]幻燈片風格選擇]]></item>
				<item id="description"><![CDATA[js版帖子鏈接地址可以被搜索引擎搜錄，flash版以參數傳入帖子地址，無法被搜索引擎搜錄]]></item>
				<item id="variable"><![CDATA[pic_way]]></item>
				<item id="type"><![CDATA[select_1314]]></item>
				<item id="value"><![CDATA[js]]></item>
				<item id="extra"><![CDATA[js = js幻燈片(有利SEO)
flash = flash幻燈片]]></item>
			</item>
			<item id="51">
				<item id="displayorder"><![CDATA[52]]></item>
				<item id="title"><![CDATA[[2]最新帖子文字設置]]></item>
				<item id="description"><![CDATA[默認顯示“最新帖子”，可隨意修改，如：最新主題]]></item>
				<item id="variable"><![CDATA[newpost_title]]></item>
				<item id="type"><![CDATA[text_1314]]></item>
				<item id="value"><![CDATA[最新帖子]]></item>
				<item id="extra"><![CDATA[]]></item>
			</item>
			<item id="52">
				<item id="displayorder"><![CDATA[53]]></item>
				<item id="title"><![CDATA[[2]最新帖子調用版塊設置]]></item>
				<item id="description"><![CDATA[為空則調用【[公共]版塊選擇】的設置
為空則調用【[公共]版塊選擇】的設置
為空則調用【[公共]版塊選擇】的設置
為空則調用【[公共]版塊選擇】的設置
為空則調用【[公共]版塊選擇】的設置]]></item>
				<item id="variable"><![CDATA[newpost_fids]]></item>
				<item id="type"><![CDATA[forums_1314]]></item>
				<item id="value"><![CDATA[]]></item>
				<item id="extra"><![CDATA[]]></item>
			</item>
			<item id="53">
				<item id="displayorder"><![CDATA[54]]></item>
				<item id="title"><![CDATA[[2]緩存時間（秒）]]></item>
				<item id="description"><![CDATA[默認300秒，即緩存5分鐘]]></item>
				<item id="variable"><![CDATA[newpost_cache_time]]></item>
				<item id="type"><![CDATA[number_1314]]></item>
				<item id="value"><![CDATA[300]]></item>
				<item id="extra"><![CDATA[]]></item>
			</item>
			<item id="54">
				<item id="displayorder"><![CDATA[55]]></item>
				<item id="title"><![CDATA[[2]只查詢幾天內的新帖數據]]></item>
				<item id="description"><![CDATA[只查詢幾天內的新帖數據，單位：天（指24小時），對于帖子更新快的網站一般設置越小查詢速度越快，最低設置為一天，即只查詢24小時內的數據。]]></item>
				<item id="variable"><![CDATA[newpost_limit_day]]></item>
				<item id="type"><![CDATA[number_1314]]></item>
				<item id="value"><![CDATA[100]]></item>
				<item id="extra"><![CDATA[]]></item>
			</item>
			<item id="55">
				<item id="displayorder"><![CDATA[56]]></item>
				<item id="title"><![CDATA[[3]最新回復文字設置]]></item>
				<item id="description"><![CDATA[默認為：最新回復]]></item>
				<item id="variable"><![CDATA[newreply_title]]></item>
				<item id="type"><![CDATA[text_1314]]></item>
				<item id="value"><![CDATA[最新回復]]></item>
				<item id="extra"><![CDATA[]]></item>
			</item>
			<item id="56">
				<item id="displayorder"><![CDATA[57]]></item>
				<item id="title"><![CDATA[[3]最新回帖調用版塊設置]]></item>
				<item id="description"><![CDATA[為空則調用【[公共]版塊選擇】的設置
為空則調用【[公共]版塊選擇】的設置
為空則調用【[公共]版塊選擇】的設置
為空則調用【[公共]版塊選擇】的設置
為空則調用【[公共]版塊選擇】的設置]]></item>
				<item id="variable"><![CDATA[newreply_fids]]></item>
				<item id="type"><![CDATA[forums_1314]]></item>
				<item id="value"><![CDATA[]]></item>
				<item id="extra"><![CDATA[]]></item>
			</item>
			<item id="57">
				<item id="displayorder"><![CDATA[58]]></item>
				<item id="title"><![CDATA[[3]緩存時間（秒）]]></item>
				<item id="description"><![CDATA[默認300秒，即緩存5分鐘]]></item>
				<item id="variable"><![CDATA[newreply_cache_time]]></item>
				<item id="type"><![CDATA[number_1314]]></item>
				<item id="value"><![CDATA[300]]></item>
				<item id="extra"><![CDATA[]]></item>
			</item>
			<item id="58">
				<item id="displayorder"><![CDATA[59]]></item>
				<item id="title"><![CDATA[[3]只查詢幾天內的回帖數據]]></item>
				<item id="description"><![CDATA[只查詢幾天內的回帖數據，單位：天（指24小時），對于回帖更新快的網站一般設置越小查詢速度越快，最低設置為一天，即只查詢24小時內的數據。]]></item>
				<item id="variable"><![CDATA[newreply_limit_day]]></item>
				<item id="type"><![CDATA[number_1314]]></item>
				<item id="value"><![CDATA[100]]></item>
				<item id="extra"><![CDATA[]]></item>
			</item>
			<item id="59">
				<item id="displayorder"><![CDATA[60]]></item>
				<item id="title"><![CDATA[[3]屏蔽穿越貼]]></item>
				<item id="description"><![CDATA[]]></item>
				<item id="variable"><![CDATA[newreply_thru]]></item>
				<item id="type"><![CDATA[radio_1314]]></item>
				<item id="value"><![CDATA[1]]></item>
				<item id="extra"><![CDATA[]]></item>
			</item>
			<item id="60">
				<item id="displayorder"><![CDATA[61]]></item>
				<item id="title"><![CDATA[[3]會員顯示直達最新回復的動態鏈接]]></item>
				<item id="description"><![CDATA[]]></item>
				<item id="variable"><![CDATA[newreply_gotolastpost]]></item>
				<item id="type"><![CDATA[radio_1314]]></item>
				<item id="value"><![CDATA[0]]></item>
				<item id="extra"><![CDATA[]]></item>
			</item>
			<item id="61">
				<item id="displayorder"><![CDATA[62]]></item>
				<item id="title"><![CDATA[[4]推薦主題文字設置]]></item>
				<item id="description"><![CDATA[默認為：推薦主題]]></item>
				<item id="variable"><![CDATA[recpost_title]]></item>
				<item id="type"><![CDATA[text_1314]]></item>
				<item id="value"><![CDATA[推薦主題]]></item>
				<item id="extra"><![CDATA[]]></item>
			</item>
			<item id="62">
				<item id="displayorder"><![CDATA[63]]></item>
				<item id="title"><![CDATA[[4]使用的版塊]]></item>
				<item id="description"><![CDATA[]]></item>
				<item id="variable"><![CDATA[recpost_fids]]></item>
				<item id="type"><![CDATA[forums_1314]]></item>
				<item id="extra"><![CDATA[]]></item>
				<item id="__value">
					<item id="0"><![CDATA[]]></item>
				</item>
			</item>
			<item id="63">
				<item id="displayorder"><![CDATA[64]]></item>
				<item id="title"><![CDATA[[4]緩存時間（秒）]]></item>
				<item id="description"><![CDATA[默認86400秒，即緩存一天]]></item>
				<item id="variable"><![CDATA[recpost_cache_time]]></item>
				<item id="type"><![CDATA[number_1314]]></item>
				<item id="value"><![CDATA[86400]]></item>
				<item id="extra"><![CDATA[]]></item>
			</item>
			<item id="64">
				<item id="displayorder"><![CDATA[65]]></item>
				<item id="title"><![CDATA[[4]允許推薦帖子的用戶組]]></item>
				<item id="description"><![CDATA[]]></item>
				<item id="variable"><![CDATA[recpost_admin_gids]]></item>
				<item id="type"><![CDATA[groups_1314]]></item>
				<item id="extra"><![CDATA[]]></item>
				<item id="__value">
					<item id="0"><![CDATA[1]]></item>
					<item id="1"><![CDATA[2]]></item>
					<item id="2"><![CDATA[3]]></item>
				</item>
			</item>
			<item id="65">
				<item id="displayorder"><![CDATA[66]]></item>
				<item id="title"><![CDATA[[5]精華主題文字設置]]></item>
				<item id="description"><![CDATA[默認為：精華主題]]></item>
				<item id="variable"><![CDATA[goodreply_title]]></item>
				<item id="type"><![CDATA[text_1314]]></item>
				<item id="value"><![CDATA[精華主題]]></item>
				<item id="extra"><![CDATA[]]></item>
			</item>
			<item id="66">
				<item id="displayorder"><![CDATA[67]]></item>
				<item id="title"><![CDATA[[5]精華帖調用版塊設置]]></item>
				<item id="description"><![CDATA[為空則調用【[公共]版塊選擇】的設置
為空則調用【[公共]版塊選擇】的設置
為空則調用【[公共]版塊選擇】的設置
為空則調用【[公共]版塊選擇】的設置
為空則調用【[公共]版塊選擇】的設置]]></item>
				<item id="variable"><![CDATA[goodreply_fids]]></item>
				<item id="type"><![CDATA[forums_1314]]></item>
				<item id="value"><![CDATA[]]></item>
				<item id="extra"><![CDATA[]]></item>
			</item>
			<item id="67">
				<item id="displayorder"><![CDATA[68]]></item>
				<item id="title"><![CDATA[[5]緩存時間（秒）]]></item>
				<item id="description"><![CDATA[默認86400秒，即緩存一天]]></item>
				<item id="variable"><![CDATA[goodreply_cache_time]]></item>
				<item id="type"><![CDATA[number_1314]]></item>
				<item id="value"><![CDATA[86400]]></item>
				<item id="extra"><![CDATA[]]></item>
			</item>
			<item id="68">
				<item id="displayorder"><![CDATA[69]]></item>
				<item id="title"><![CDATA[[5]顯示的精華貼級別]]></item>
				<item id="description"><![CDATA[設置精華的調用級別，共三個級別。
如單如: 1 
多個如: 1,2,3]]></item>
				<item id="variable"><![CDATA[goodreply_digest]]></item>
				<item id="type"><![CDATA[text_1314]]></item>
				<item id="value"><![CDATA[1,2,3]]></item>
				<item id="extra"><![CDATA[]]></item>
			</item>
			<item id="69">
				<item id="displayorder"><![CDATA[70]]></item>
				<item id="title"><![CDATA[[5]精華帖排序方式]]></item>
				<item id="description"><![CDATA[設置精華帖子的排序方式]]></item>
				<item id="variable"><![CDATA[goodreply_order]]></item>
				<item id="type"><![CDATA[select_1314]]></item>
				<item id="value"><![CDATA[1]]></item>
				<item id="extra"><![CDATA[1 = 按回復數量排序
2 = 按瀏覽數量排序
3 = 按發帖時間排序
4 = 按回復時間排序]]></item>
			</item>
			<item id="70">
				<item id="displayorder"><![CDATA[71]]></item>
				<item id="title"><![CDATA[[5]顯示幾天內的精華貼]]></item>
				<item id="description"><![CDATA[y、m、w、d 分別代表 精準的年、月、周、日，即從零點開始計時。輸入1314表示不限制時間。此外您仍可以直接輸入數字，如30表示30天內，這里表示的是30天內而不是m表示的本月開始時間]]></item>
				<item id="variable"><![CDATA[goodreply_day]]></item>
				<item id="type"><![CDATA[text_1314]]></item>
				<item id="value"><![CDATA[100]]></item>
				<item id="extra"><![CDATA[]]></item>
			</item>
			<item id="71">
				<item id="displayorder"><![CDATA[72]]></item>
				<item id="title"><![CDATA[[6]熱門主題文字設置]]></item>
				<item id="description"><![CDATA[默認為：熱門主題]]></item>
				<item id="variable"><![CDATA[hotpost_title]]></item>
				<item id="type"><![CDATA[text_1314]]></item>
				<item id="value"><![CDATA[熱門主題]]></item>
				<item id="extra"><![CDATA[]]></item>
			</item>
			<item id="72">
				<item id="displayorder"><![CDATA[73]]></item>
				<item id="title"><![CDATA[[6]熱門帖調用版塊設置]]></item>
				<item id="description"><![CDATA[為空則調用【[公共]版塊選擇】的設置
為空則調用【[公共]版塊選擇】的設置
為空則調用【[公共]版塊選擇】的設置
為空則調用【[公共]版塊選擇】的設置
為空則調用【[公共]版塊選擇】的設置]]></item>
				<item id="variable"><![CDATA[hotpost_fids]]></item>
				<item id="type"><![CDATA[forums_1314]]></item>
				<item id="value"><![CDATA[]]></item>
				<item id="extra"><![CDATA[]]></item>
			</item>
			<item id="73">
				<item id="displayorder"><![CDATA[74]]></item>
				<item id="title"><![CDATA[[6]緩存時間（秒）]]></item>
				<item id="description"><![CDATA[默認86400秒，即緩存一天]]></item>
				<item id="variable"><![CDATA[hotpost_cache_time]]></item>
				<item id="type"><![CDATA[number_1314]]></item>
				<item id="value"><![CDATA[86400]]></item>
				<item id="extra"><![CDATA[]]></item>
			</item>
			<item id="74">
				<item id="displayorder"><![CDATA[75]]></item>
				<item id="title"><![CDATA[[6]顯示幾天內的熱門貼]]></item>
				<item id="description"><![CDATA[y、m、w、d 分別代表 精準的年、月、周、日，即從零點開始計時。輸入1314表示不限制時間。此外您仍可以直接輸入數字，如30表示30天內，這里表示的是30天內而不是m表示的本月開始時間]]></item>
				<item id="variable"><![CDATA[hotpost_day]]></item>
				<item id="type"><![CDATA[text_1314]]></item>
				<item id="value"><![CDATA[100]]></item>
				<item id="extra"><![CDATA[]]></item>
			</item>
			<item id="75">
				<item id="displayorder"><![CDATA[76]]></item>
				<item id="title"><![CDATA[[6]熱門貼按什么方式排序]]></item>
				<item id="description"><![CDATA[主題熱度將按參與人次計算，包括回帖，點評，收藏，分享，評分，推薦
管理地址：全局 -&gt; 站點功能 -&gt; 主題相關
admin.php?action=setting&amp;operation=functions&amp;anchor=heatthread]]></item>
				<item id="variable"><![CDATA[hotpost_order]]></item>
				<item id="type"><![CDATA[select_1314]]></item>
				<item id="value"><![CDATA[1]]></item>
				<item id="extra"><![CDATA[1 = 主題熱度
2 = 按回復次數
3 = 按瀏覽次數]]></item>
			</item>
			<item id="76">
				<item id="displayorder"><![CDATA[77]]></item>
				<item id="title"><![CDATA[[7]最新會員文字設置]]></item>
				<item id="description"><![CDATA[默認為：最新會員]]></item>
				<item id="variable"><![CDATA[newmember_title]]></item>
				<item id="type"><![CDATA[text_1314]]></item>
				<item id="value"><![CDATA[最新會員]]></item>
				<item id="extra"><![CDATA[]]></item>
			</item>
			<item id="77">
				<item id="displayorder"><![CDATA[78]]></item>
				<item id="title"><![CDATA[[7]緩存時間（秒）]]></item>
				<item id="description"><![CDATA[默認300秒，即緩存5分鐘]]></item>
				<item id="variable"><![CDATA[newmember_cache_time]]></item>
				<item id="type"><![CDATA[number_1314]]></item>
				<item id="value"><![CDATA[600]]></item>
				<item id="extra"><![CDATA[]]></item>
			</item>
			<item id="78">
				<item id="displayorder"><![CDATA[79]]></item>
				<item id="title"><![CDATA[[7]只查詢幾天內的新會員數 ...]]></item>
				<item id="description"><![CDATA[只查詢幾天內的新會員數據，單位：天（指24小時），對于新會員更新快的網站一般設置越小查詢速度越快，最低設置為一天，即只查詢24小時內的數據。]]></item>
				<item id="variable"><![CDATA[newmember_limit_day]]></item>
				<item id="type"><![CDATA[number_1314]]></item>
				<item id="value"><![CDATA[365]]></item>
				<item id="extra"><![CDATA[]]></item>
			</item>
			<item id="79">
				<item id="displayorder"><![CDATA[80]]></item>
				<item id="title"><![CDATA[[7]是否過濾用戶組]]></item>
				<item id="description"><![CDATA[開啟后過濾 禁止發言、禁止訪問、禁止 IP、等待驗證會員、限制會員 等用戶組，無特殊需求請關閉。]]></item>
				<item id="variable"><![CDATA[newmember_limit_gids_radio]]></item>
				<item id="type"><![CDATA[radio_1314]]></item>
				<item id="value"><![CDATA[0]]></item>
				<item id="extra"><![CDATA[]]></item>
			</item>
			<item id="80">
				<item id="displayorder"><![CDATA[81]]></item>
				<item id="title"><![CDATA[[8]帖子排行榜文字設置]]></item>
				<item id="description"><![CDATA[默認為：本月發貼]]></item>
				<item id="variable"><![CDATA[posts_title]]></item>
				<item id="type"><![CDATA[text_1314]]></item>
				<item id="value"><![CDATA[發貼之星]]></item>
				<item id="extra"><![CDATA[]]></item>
			</item>
			<item id="81">
				<item id="displayorder"><![CDATA[82]]></item>
				<item id="title"><![CDATA[[8]只統計主題，不統計回帖]]></item>
				<item id="description"><![CDATA[]]></item>
				<item id="variable"><![CDATA[posts_first_radio]]></item>
				<item id="type"><![CDATA[radio_1314]]></item>
				<item id="value"><![CDATA[0]]></item>
				<item id="extra"><![CDATA[]]></item>
			</item>
			<item id="82">
				<item id="displayorder"><![CDATA[82]]></item>
				<item id="title"><![CDATA[[8]顯示的用戶組設置]]></item>
				<item id="description"><![CDATA[]]></item>
				<item id="variable"><![CDATA[posts_gids]]></item>
				<item id="type"><![CDATA[groups_1314]]></item>
				<item id="extra"><![CDATA[]]></item>
				<item id="__value">
					<item id="0"><![CDATA[]]></item>
				</item>
			</item>
			<item id="83">
				<item id="displayorder"><![CDATA[83]]></item>
				<item id="title"><![CDATA[[8]緩存時間（秒）]]></item>
				<item id="description"><![CDATA[默認86400秒，即緩存一天]]></item>
				<item id="variable"><![CDATA[posts_cache_time]]></item>
				<item id="type"><![CDATA[number_1314]]></item>
				<item id="value"><![CDATA[600]]></item>
				<item id="extra"><![CDATA[]]></item>
			</item>
			<item id="84">
				<item id="displayorder"><![CDATA[84]]></item>
				<item id="title"><![CDATA[[8]顯示樣式]]></item>
				<item id="description"><![CDATA[本設置只在 [發帖排行] 在N格右側顯示時有效，在底部顯示會員頭像時無效。只支持調用10條數據，大于或者小于10條數據將會是頁面錯位。]]></item>
				<item id="variable"><![CDATA[posts_way]]></item>
				<item id="type"><![CDATA[select_1314]]></item>
				<item id="value"><![CDATA[2]]></item>
				<item id="extra"><![CDATA[1 = 普通樣式
2 = 發帖之星樣式]]></item>
			</item>
			<item id="85">
				<item id="displayorder"><![CDATA[85]]></item>
				<item id="title"><![CDATA[[8]幾天內的發帖排行]]></item>
				<item id="description"><![CDATA[y、m、w、d 分別代表 精準的年、月、周、日，即從零點開始計時。輸入1314表示不限制時間。此外您仍可以直接輸入數字，如30表示30天內，這里表示的是30天內而不是m表示的本月開始時間]]></item>
				<item id="variable"><![CDATA[posts_day]]></item>
				<item id="type"><![CDATA[text_1314]]></item>
				<item id="value"><![CDATA[30]]></item>
				<item id="extra"><![CDATA[]]></item>
			</item>
			<item id="86">
				<item id="displayorder"><![CDATA[86]]></item>
				<item id="title"><![CDATA[[8]展示名次稱號]]></item>
				<item id="description"><![CDATA[]]></item>
				<item id="variable"><![CDATA[posts_show_name]]></item>
				<item id="type"><![CDATA[text_1314]]></item>
				<item id="value"><![CDATA[狀元|榜眼|探花]]></item>
				<item id="extra"><![CDATA[]]></item>
			</item>
			<item id="87">
				<item id="displayorder"><![CDATA[87]]></item>
				<item id="title"><![CDATA[[8]狀元標題背景色]]></item>
				<item id="description"><![CDATA[]]></item>
				<item id="variable"><![CDATA[posts_zytitlecolor]]></item>
				<item id="type"><![CDATA[color_1314]]></item>
				<item id="value"><![CDATA[#BEE0FB]]></item>
				<item id="extra"><![CDATA[]]></item>
			</item>
			<item id="88">
				<item id="displayorder"><![CDATA[87]]></item>
				<item id="title"><![CDATA[[8]狀元內容背景色]]></item>
				<item id="description"><![CDATA[]]></item>
				<item id="variable"><![CDATA[posts_zyinfocolor]]></item>
				<item id="type"><![CDATA[color_1314]]></item>
				<item id="value"><![CDATA[#DEEBFB]]></item>
				<item id="extra"><![CDATA[]]></item>
			</item>
			<item id="89">
				<item id="displayorder"><![CDATA[88]]></item>
				<item id="title"><![CDATA[[8]榜眼內容背景色]]></item>
				<item id="description"><![CDATA[]]></item>
				<item id="variable"><![CDATA[posts_byinfocolor]]></item>
				<item id="type"><![CDATA[color_1314]]></item>
				<item id="value"><![CDATA[#FCE2F9]]></item>
				<item id="extra"><![CDATA[]]></item>
			</item>
			<item id="90">
				<item id="displayorder"><![CDATA[88]]></item>
				<item id="title"><![CDATA[[8]榜眼標題背景色]]></item>
				<item id="description"><![CDATA[]]></item>
				<item id="variable"><![CDATA[posts_bytitlecolor]]></item>
				<item id="type"><![CDATA[color_1314]]></item>
				<item id="value"><![CDATA[#F5BEFB]]></item>
				<item id="extra"><![CDATA[]]></item>
			</item>
			<item id="91">
				<item id="displayorder"><![CDATA[89]]></item>
				<item id="title"><![CDATA[[8]探花標題背景色]]></item>
				<item id="description"><![CDATA[]]></item>
				<item id="variable"><![CDATA[posts_thtitlecolor]]></item>
				<item id="type"><![CDATA[color_1314]]></item>
				<item id="value"><![CDATA[#FBE5BE]]></item>
				<item id="extra"><![CDATA[]]></item>
			</item>
			<item id="92">
				<item id="displayorder"><![CDATA[89]]></item>
				<item id="title"><![CDATA[[8]探花內容背景色]]></item>
				<item id="description"><![CDATA[]]></item>
				<item id="variable"><![CDATA[posts_thinfocolor]]></item>
				<item id="type"><![CDATA[color_1314]]></item>
				<item id="value"><![CDATA[#FBF4E5]]></item>
				<item id="extra"><![CDATA[]]></item>
			</item>
			<item id="93">
				<item id="displayorder"><![CDATA[91]]></item>
				<item id="title"><![CDATA[[9]在線排行文字設置]]></item>
				<item id="description"><![CDATA[默認為：在線排行]]></item>
				<item id="variable"><![CDATA[online_title]]></item>
				<item id="type"><![CDATA[text_1314]]></item>
				<item id="value"><![CDATA[在線排行]]></item>
				<item id="extra"><![CDATA[]]></item>
			</item>
			<item id="94">
				<item id="displayorder"><![CDATA[92]]></item>
				<item id="title"><![CDATA[[9]緩存時間（秒）]]></item>
				<item id="description"><![CDATA[默認86400秒，即緩存一天]]></item>
				<item id="variable"><![CDATA[online_cache_time]]></item>
				<item id="type"><![CDATA[number_1314]]></item>
				<item id="value"><![CDATA[86400]]></item>
				<item id="extra"><![CDATA[]]></item>
			</item>
			<item id="95">
				<item id="displayorder"><![CDATA[100]]></item>
				<item id="title"><![CDATA[[10]積分排行文字設置]]></item>
				<item id="description"><![CDATA[]]></item>
				<item id="variable"><![CDATA[credits_title]]></item>
				<item id="type"><![CDATA[text_1314]]></item>
				<item id="value"><![CDATA[積分排行]]></item>
				<item id="extra"><![CDATA[]]></item>
			</item>
			<item id="96">
				<item id="displayorder"><![CDATA[101]]></item>
				<item id="title"><![CDATA[[10]緩存時間（秒）]]></item>
				<item id="description"><![CDATA[默認86400秒，即緩存一天]]></item>
				<item id="variable"><![CDATA[credits_cache_time]]></item>
				<item id="type"><![CDATA[number_1314]]></item>
				<item id="value"><![CDATA[86400]]></item>
				<item id="extra"><![CDATA[]]></item>
			</item>
			<item id="97">
				<item id="displayorder"><![CDATA[102]]></item>
				<item id="title"><![CDATA[[10]擴展積分選擇]]></item>
				<item id="description"><![CDATA[選擇空則表示[總積分]，修改本設置后建議更新下積分排行緩存]]></item>
				<item id="variable"><![CDATA[credits_extcredit]]></item>
				<item id="type"><![CDATA[extcredit_1314]]></item>
				<item id="value"><![CDATA[2]]></item>
				<item id="extra"><![CDATA[]]></item>
			</item>
		</item>
		<item id="language">
			<item id="scriptlang">
				<item id="study_pic_title"><![CDATA[最新圖片]]></item>
				<item id="study_newpost_title"><![CDATA[最新主題]]></item>
				<item id="study_newreply_title"><![CDATA[最新回復]]></item>
				<item id="study_recpost_title"><![CDATA[推薦帖子]]></item>
				<item id="study_goodreply_title"><![CDATA[精華帖子]]></item>
				<item id="study_hotpost_title"><![CDATA[熱門帖子]]></item>
				<item id="study_newmember_title"><![CDATA[最新會員]]></item>
				<item id="study_posts_title"><![CDATA[本月發貼]]></item>
				<item id="study_online_title"><![CDATA[在線排行]]></item>
				<item id="study_credits_title"><![CDATA[積分排行]]></item>
				<item id="study_nge_admincp_1"><![CDATA[更新緩存成功，共更新]]></item>
				<item id="study_nge_admincp_2"><![CDATA[項緩存。]]></item>
				<item id="study_nge_admincp_3"><![CDATA[選擇更新的選項 - 下邊只會顯示你啟用的功能，勾選后點提交即可更新該項緩存，如都不勾選，則更新全部緩存。]]></item>
				<item id="study_nge_admincp_4"><![CDATA[選擇更新的選項]]></item>
				<item id="study_nge_admincp_5"><![CDATA[更新緩存]]></item>
				<item id="admin_title"><![CDATA[【1314學習網】插件設置 - 使用問題請到1314學習網（www.1314study.com）反饋]]></item>
				<item id="slang_001"><![CDATA[恭喜你，你的帖子 <a href=forum.php?mod=viewthread&tid={tid} target=_blank>{subject}</a> 被 {actor} 推薦到首頁N格中。]]></item>
				<item id="slang_002"><![CDATA[本版塊未開啟推薦到N格功能]]></item>
				<item id="slang_003"><![CDATA[帖子不存在，或已被刪除]]></item>
				<item id="slang_004"><![CDATA[修改成功]]></item>
				<item id="slang_005"><![CDATA[刪除成功]]></item>
				<item id="slang_006"><![CDATA[添加成功]]></item>
				<item id="slang_007"><![CDATA[你的用戶組無權進行本操作]]></item>
				<item id="slang_1"><![CDATA[00000000000000000000]]></item>
				<item id="slang_2"><![CDATA[0000]]></item>
				<item id="slang_3"><![CDATA[000000000]]></item>
				<item id="slang_4"><![CDATA[http://www.ymg6.com/]]></item>
				<item id="slang_5"><![CDATA[http://127.0.0.1/]]></item>
				<item id="slang_6"><![CDATA[0000000000000]]></item>
				<item id="slang_7"><![CDATA[49009e137895c42906a61dc2d668d288]]></item>
				<item id="slang_8"><![CDATA[000000000000000000000000000000000http://www.ymg6.com/http://127.0.0.1/0000000000000]]></item>
			</item>
			<item id="templatelang">
				<item id="attach_img"><![CDATA[有圖片]]></item>
				<item id="attachment"><![CDATA[有附件]]></item>
				<item id="thread_digest"><![CDATA[精華]]></item>
				<item id="rate_credit_add"><![CDATA[帖子被加分]]></item>
				<item id="posts_deducted"><![CDATA[帖子被減分]]></item>
				<item id="study_nge_title_tie"><![CDATA[帖]]></item>
				<item id="study_nge_title_hour"><![CDATA[小時]]></item>
				<item id="study_nge_title_credits"><![CDATA[積分]]></item>
				<item id="study_nge_tmp_001"><![CDATA[快速回復...]]></item>
				<item id="study_nge_tmp_002"><![CDATA[收起、展開N格]]></item>
				<item id="study_nge_tmp_003"><![CDATA[下載桌面快捷訪問]]></item>
				<item id="study_nge_tmp_004"><![CDATA[列表]]></item>
				<item id="study_nge_tmp_005"><![CDATA[在線]]></item>
				<item id="study_nge_tmp_006"><![CDATA[發帖時間：]]></item>
				<item id="study_nge_tmp_007"><![CDATA[查看：]]></item>
				<item id="study_nge_tmp_008"><![CDATA[回帖：]]></item>
				<item id="study_nge_tmp_009"><![CDATA[回帖內容不能為空]]></item>
				<item id="study_nge_tmp_010"><![CDATA[回帖]]></item>
				<item id="study_nge_tmp_011"><![CDATA[版塊:]]></item>
				<item id="study_nge_tmp_012"><![CDATA[標題:]]></item>
				<item id="study_nge_tmp_013"><![CDATA[發表:]]></item>
				<item id="study_nge_tmp_014"><![CDATA[瀏覽: ]]></item>
				<item id="study_nge_tmp_015"><![CDATA[回復:]]></item>
				<item id="study_nge_tmp_016"><![CDATA[次]]></item>
				<item id="study_nge_tmp_017"><![CDATA[用戶名：]]></item>
				<item id="study_nge_tmp_018"><![CDATA[發帖數：]]></item>
				<item id="study_nge_tmp_019"><![CDATA[篇]]></item>
				<item id="study_nge_tmp_020"><![CDATA[總積分：]]></item>
				<item id="study_nge_tmp_021"><![CDATA[無人登榜，我要上榜]]></item>
				<item id="study_nge_tmp_022"><![CDATA[次]]></item>
				<item id="study_nge_tmp_023"><![CDATA[推薦帖子]]></item>
				<item id="study_nge_tmp_024"><![CDATA[修改]]></item>
				<item id="study_nge_tmp_025"><![CDATA[刪除]]></item>
				<item id="study_nge_tmp_026"><![CDATA[帖子標題：]]></item>
				<item id="study_nge_tmp_027"><![CDATA[更新為首條數據]]></item>
				<item id="study_nge_tmp_028"><![CDATA[通知作者]]></item>
				<item id="study_nge_tmp_029"><![CDATA[切換風格]]></item>
				<item id="study_nge_tmp_030"><![CDATA[默認]]></item>
				<item id="study_nge_tmp_031"><![CDATA[藍色]]></item>
				<item id="study_nge_tmp_032"><![CDATA[紅色]]></item>
				<item id="study_nge_tmp_033"><![CDATA[青色]]></item>
				<item id="study_nge_tmp_034"><![CDATA[橙色]]></item>
				<item id="study_nge_tmp_035"><![CDATA[紫色]]></item>
				<item id="study_nge_tmp_036"><![CDATA[白色]]></item>
				<item id="plugin_name"><![CDATA[首頁N格]]></item>
				<item id="nge_faq"><![CDATA[首頁N格幫助頁面]]></item>
			</item>
		</item>
		<item id="installfile"><![CDATA[install.php]]></item>
		<item id="uninstallfile"><![CDATA[uninstall.php]]></item>
		<item id="upgradefile"><![CDATA[upgrade.php]]></item>
		<item id="checkfile"><![CDATA[check.php]]></item>
		<item id="enablefile"><![CDATA[enable.php]]></item>
		<item id="disablefile"><![CDATA[disable.php]]></item>
	</item>
</root>