﻿<?xml version="1.0" encoding="ISO-8859-1"?>
<root>
	<item id="Title"><![CDATA[Discuz! Plugin]]></item>
	<item id="Version"><![CDATA[X2.5,X3,X3.1,X3.2,X3.3,X3.4,F1.0,L1.0]]></item>
	<item id="Time"><![CDATA[2017-12-12 02:54]]></item>
	<item id="From"><![CDATA[M12社区]]></item>
	<item id="Data">
		<item id="plugin">
			<item id="available"><![CDATA[1]]></item>
			<item id="adminid"><![CDATA[1]]></item>
			<item id="name"><![CDATA[百度熊掌号推送seo]]></item>
			<item id="identifier"><![CDATA[keke_xzhseo]]></item>
			<item id="description"><![CDATA[]]></item>
			<item id="datatables"><![CDATA[]]></item>
			<item id="directory"><![CDATA[keke_xzhseo/]]></item>
			<item id="copyright"><![CDATA[M12社区]]></item>
			<item id="version"><![CDATA[V9.180325]]></item>
			<item id="__modules">
				<item id="0">
					<item id="name"><![CDATA[keke_xzhseo]]></item>
					<item id="param"><![CDATA[]]></item>
					<item id="menu"><![CDATA[]]></item>
					<item id="url"><![CDATA[]]></item>
					<item id="type"><![CDATA[28]]></item>
					<item id="adminid"><![CDATA[0]]></item>
					<item id="displayorder"><![CDATA[0]]></item>
					<item id="navtitle"><![CDATA[]]></item>
					<item id="navicon"><![CDATA[]]></item>
					<item id="navsubname"><![CDATA[]]></item>
					<item id="navsuburl"><![CDATA[]]></item>
				</item>
				<item id="1">
					<item id="name"><![CDATA[keke_xzhseo]]></item>
					<item id="param"><![CDATA[]]></item>
					<item id="menu"><![CDATA[]]></item>
					<item id="url"><![CDATA[]]></item>
					<item id="type"><![CDATA[11]]></item>
					<item id="adminid"><![CDATA[0]]></item>
					<item id="displayorder"><![CDATA[0]]></item>
					<item id="navtitle"><![CDATA[]]></item>
					<item id="navicon"><![CDATA[]]></item>
					<item id="navsubname"><![CDATA[]]></item>
					<item id="navsuburl"><![CDATA[]]></item>
				</item>
				<item id="2">
					<item id="name"><![CDATA[admin]]></item>
					<item id="param"><![CDATA[]]></item>
					<item id="menu"><![CDATA[内容推送记录]]></item>
					<item id="url"><![CDATA[]]></item>
					<item id="type"><![CDATA[3]]></item>
					<item id="adminid"><![CDATA[0]]></item>
					<item id="displayorder"><![CDATA[1]]></item>
					<item id="navtitle"><![CDATA[]]></item>
					<item id="navicon"><![CDATA[]]></item>
					<item id="navsubname"><![CDATA[]]></item>
					<item id="navsuburl"><![CDATA[]]></item>
				</item>
				<item id="3">
					<item id="name"><![CDATA[admin_p]]></item>
					<item id="param"><![CDATA[]]></item>
					<item id="menu"><![CDATA[新增内容批量推送]]></item>
					<item id="url"><![CDATA[]]></item>
					<item id="type"><![CDATA[3]]></item>
					<item id="adminid"><![CDATA[0]]></item>
					<item id="displayorder"><![CDATA[2]]></item>
					<item id="navtitle"><![CDATA[]]></item>
					<item id="navicon"><![CDATA[]]></item>
					<item id="navsubname"><![CDATA[]]></item>
					<item id="navsuburl"><![CDATA[]]></item>
				</item>
				<item id="4">
					<item id="name"><![CDATA[admin_l]]></item>
					<item id="param"><![CDATA[]]></item>
					<item id="menu"><![CDATA[历史内容批量推送]]></item>
					<item id="url"><![CDATA[]]></item>
					<item id="type"><![CDATA[3]]></item>
					<item id="adminid"><![CDATA[0]]></item>
					<item id="displayorder"><![CDATA[5]]></item>
					<item id="navtitle"><![CDATA[]]></item>
					<item id="navicon"><![CDATA[]]></item>
					<item id="navsubname"><![CDATA[]]></item>
					<item id="navsuburl"><![CDATA[]]></item>
				</item>
				<item id="5">
					<item id="name"><![CDATA[app]]></item>
					<item id="param"><![CDATA[]]></item>
					<item id="menu"><![CDATA[<span style="color:red">更多可可精品插件</span>]]></item>
					<item id="url"><![CDATA[]]></item>
					<item id="type"><![CDATA[3]]></item>
					<item id="adminid"><![CDATA[0]]></item>
					<item id="displayorder"><![CDATA[10]]></item>
					<item id="navtitle"><![CDATA[]]></item>
					<item id="navicon"><![CDATA[]]></item>
					<item id="navsubname"><![CDATA[]]></item>
					<item id="navsuburl"><![CDATA[]]></item>
				</item>
			</item>
		</item>
		<item id="version"><![CDATA[X2.5,X3,X3.1,X3.2,X3.3,X3.4,F1.0,L1.0]]></item>
		<item id="var">
			<item id="0">
				<item id="displayorder"><![CDATA[1]]></item>
				<item id="title"><![CDATA[appid]]></item>
				<item id="description"><![CDATA[]]></item>
				<item id="variable"><![CDATA[appid]]></item>
				<item id="type"><![CDATA[text]]></item>
				<item id="value"><![CDATA[1559548725146061]]></item>
				<item id="extra"><![CDATA[]]></item>
			</item>
			<item id="1">
				<item id="displayorder"><![CDATA[2]]></item>
				<item id="title"><![CDATA[token]]></item>
				<item id="description"><![CDATA[]]></item>
				<item id="variable"><![CDATA[token]]></item>
				<item id="type"><![CDATA[text]]></item>
				<item id="value"><![CDATA[nWjvbSdjDqpM1QAT]]></item>
				<item id="extra"><![CDATA[]]></item>
			</item>
			<item id="2">
				<item id="displayorder"><![CDATA[3]]></item>
				<item id="title"><![CDATA[内容摘要截取长度]]></item>
				<item id="description"><![CDATA[结构化内容摘要截取长度，最大为120，请根据需要设置]]></item>
				<item id="variable"><![CDATA[cd]]></item>
				<item id="type"><![CDATA[number]]></item>
				<item id="value"><![CDATA[120]]></item>
				<item id="extra"><![CDATA[]]></item>
			</item>
			<item id="3">
				<item id="displayorder"><![CDATA[4]]></item>
				<item id="title"><![CDATA[开启【手动推送】用户组]]></item>
				<item id="description"><![CDATA[允许在前台使用手动推送功能的用户组]]></item>
				<item id="variable"><![CDATA[sd]]></item>
				<item id="type"><![CDATA[groups]]></item>
				<item id="extra"><![CDATA[]]></item>
				<item id="__value">
					<item id="0"><![CDATA[1]]></item>
				</item>
			</item>
			<item id="4">
				<item id="displayorder"><![CDATA[5]]></item>
				<item id="title"><![CDATA[是否开启【自动推送】]]></item>
				<item id="description"><![CDATA[开启后将按照下方自动推送规则，在发布新内容时自动进行推送。对于水帖较多且不好利用规则控制的站点建议关闭此项仅使用手动推送，以保证推送内容质量]]></item>
				<item id="variable"><![CDATA[zd]]></item>
				<item id="type"><![CDATA[radio]]></item>
				<item id="value"><![CDATA[1]]></item>
				<item id="extra"><![CDATA[]]></item>
			</item>
			<item id="5">
				<item id="displayorder"><![CDATA[6]]></item>
				<item id="title"><![CDATA[论坛自动推送的版 ...]]></item>
				<item id="description"><![CDATA[]]></item>
				<item id="variable"><![CDATA[bk]]></item>
				<item id="type"><![CDATA[forums]]></item>
				<item id="extra"><![CDATA[]]></item>
				<item id="__value">
					<item id="0"><![CDATA[55]]></item>
					<item id="1"><![CDATA[56]]></item>
					<item id="2"><![CDATA[57]]></item>
					<item id="3"><![CDATA[58]]></item>
					<item id="4"><![CDATA[36]]></item>
					<item id="5"><![CDATA[2]]></item>
					<item id="6"><![CDATA[50]]></item>
					<item id="7"><![CDATA[49]]></item>
					<item id="8"><![CDATA[45]]></item>
					<item id="9"><![CDATA[46]]></item>
					<item id="10"><![CDATA[47]]></item>
					<item id="11"><![CDATA[48]]></item>
					<item id="12"><![CDATA[44]]></item>
					<item id="13"><![CDATA[43]]></item>
					<item id="14"><![CDATA[38]]></item>
					<item id="15"><![CDATA[39]]></item>
					<item id="16"><![CDATA[40]]></item>
					<item id="17"><![CDATA[41]]></item>
					<item id="18"><![CDATA[42]]></item>
					<item id="19"><![CDATA[54]]></item>
				</item>
			</item>
			<item id="6">
				<item id="displayorder"><![CDATA[7]]></item>
				<item id="title"><![CDATA[门户是否自动推送]]></item>
				<item id="description"><![CDATA[]]></item>
				<item id="variable"><![CDATA[wz]]></item>
				<item id="type"><![CDATA[radio]]></item>
				<item id="value"><![CDATA[1]]></item>
				<item id="extra"><![CDATA[]]></item>
			</item>
			<item id="7">
				<item id="displayorder"><![CDATA[8]]></item>
				<item id="title"><![CDATA[群组是否自动推送]]></item>
				<item id="description"><![CDATA[]]></item>
				<item id="variable"><![CDATA[qz]]></item>
				<item id="type"><![CDATA[radio]]></item>
				<item id="value"><![CDATA[1]]></item>
				<item id="extra"><![CDATA[]]></item>
			</item>
			<item id="8">
				<item id="displayorder"><![CDATA[9]]></item>
				<item id="title"><![CDATA[自动推送的用户组]]></item>
				<item id="description"><![CDATA[选中的用户组用户发布的帖子或者文章才进行推送。建议根据自己网站情况选择内容质量较高的用户组。为空则全部用户组内容都推送]]></item>
				<item id="variable"><![CDATA[yhz]]></item>
				<item id="type"><![CDATA[groups]]></item>
				<item id="extra"><![CDATA[]]></item>
				<item id="__value">
					<item id="0"><![CDATA[]]></item>
				</item>
			</item>
			<item id="9">
				<item id="displayorder"><![CDATA[10]]></item>
				<item id="title"><![CDATA[是否开启历史内容推送]]></item>
				<item id="description"><![CDATA[]]></item>
				<item id="variable"><![CDATA[ls]]></item>
				<item id="type"><![CDATA[radio]]></item>
				<item id="value"><![CDATA[0]]></item>
				<item id="extra"><![CDATA[]]></item>
			</item>
			<item id="10">
				<item id="displayorder"><![CDATA[12]]></item>
				<item id="title"><![CDATA[是否添加关注功能]]></item>
				<item id="description"><![CDATA[开启后，将在手机内容页内容上方显示关注熊掌号关注功能。]]></item>
				<item id="variable"><![CDATA[gz]]></item>
				<item id="type"><![CDATA[radio]]></item>
				<item id="value"><![CDATA[1]]></item>
				<item id="extra"><![CDATA[]]></item>
			</item>
		</item>
		<item id="language">
			<item id="scriptlang">
				<item id="001"><![CDATA[推送记录]]></item>
				<item id="002"><![CDATA[推送URL]]></item>
				<item id="003"><![CDATA[推送类型]]></item>
				<item id="004"><![CDATA[推送结果]]></item>
				<item id="005"><![CDATA[推送时间]]></item>
				<item id="006"><![CDATA[新帖推送]]></item>
				<item id="007"><![CDATA[历史内容推送]]></item>
				<item id="008"><![CDATA[删除推送]]></item>
				<item id="009"><![CDATA[<font color="#390">推送成功</font>]]></item>
				<item id="010"><![CDATA[当前站点URL与熊掌号不匹配]]></item>
				<item id="011"><![CDATA[不合法的url]]></item>
				<item id="012"><![CDATA[<font color="#CC3300">推送失败</font> / 错误码:]]></item>
				<item id="013"><![CDATA[操作成功]]></item>
				<item id="014"><![CDATA[全选]]></item>
				<item id="015"><![CDATA[推送内容]]></item>
				<item id="016"><![CDATA[推送URL]]></item>
				<item id="017"><![CDATA[推送类型]]></item>
				<item id="018"><![CDATA[原创推送]]></item>
				<item id="019"><![CDATA[推送结果]]></item>
				<item id="020"><![CDATA[推送时间]]></item>
				<item id="021"><![CDATA[文章推送]]></item>
				<item id="023"><![CDATA[原创]]></item>
				<item id="024"><![CDATA[推送结果]]></item>
				<item id="025"><![CDATA[<ul id="tipslis"><li>请将需要批量推送的链接填入下方文本框，每一行一条链接。</li><li>批量推送结果以返回信息为准。受推送接口限制，在推送记录中无法查看。</li></ul>]]></item>
				<item id="026"><![CDATA[新增内容批量推送]]></item>
				<item id="027"><![CDATA[此内容已成功推送,请勿重复推送]]></item>
				<item id="028"><![CDATA[<ul id="tipslis"><li>推送url以起始ID为起始点，按照推送数量计算依次自增ID顺序提交。</li><li>例如：起始ID设为1，推送数量设为100，则本次批量推送的url为 http://www.xxx.com/thread-1-1-1.html ~ http://www.xxx.com/thread-100-1-1.html 的内容。</li><li>批量推送结果以返回信息为准。受推送接口限制，在推送记录中无法查看。</li></ul>]]></item>
				<item id="029"><![CDATA[历史内容批量推送]]></item>
				<item id="030"><![CDATA[请输入推送网址]]></item>
				<item id="031"><![CDATA[请输入起始ID]]></item>
				<item id="032"><![CDATA[请输入推送数量]]></item>
				<item id="033"><![CDATA[推送内容]]></item>
				<item id="034"><![CDATA[论坛/群组]]></item>
				<item id="035"><![CDATA[文章]]></item>
				<item id="036"><![CDATA[起始ID]]></item>
				<item id="037"><![CDATA[当选择【论坛/群组】时填入tid，选择【文章】时填入aid]]></item>
				<item id="038"><![CDATA[推送数量]]></item>
				<item id="039"><![CDATA[从起始ID计算，推送的数量。]]></item>
				<item id="040"><![CDATA[成功推送]]></item>
				<item id="041"><![CDATA[条内容]]></item>
			</item>
			<item id="templatelang">
				<item id="t001"><![CDATA[推送成功]]></item>
				<item id="t002"><![CDATA[推送失败]]></item>
				<item id="t003"><![CDATA[将此内容推送到熊掌号]]></item>
				<item id="t005"><![CDATA[此内容已成功推至熊掌号]]></item>
			</item>
		</item>
		<item id="installfile"><![CDATA[install.php]]></item>
		<item id="uninstallfile"><![CDATA[uninstall.php]]></item>
		<item id="upgradefile"><![CDATA[upgrade.php]]></item>
		<item id="checkfile"><![CDATA[check.php]]></item>
		<item id="enablefile"><![CDATA[enable.php]]></item>
	</item>
</root>