﻿<?xml version="1.0" encoding="ISO-8859-1"?>
<root>
	<item id="Title"><![CDATA[Discuz! Plugin]]></item>
	<item id="Version"><![CDATA[X2,X2.5,X3,X3.1,X3.2,F1.0,L1.0,X3.3,X3.4]]></item>
	<item id="Time"><![CDATA[2019-09-10 15:20]]></item>
	<item id="From"><![CDATA[源   碼  哥  y  m   g 6  . c  o m]]></item>
	<item id="Data">
		<item id="plugin">
			<item id="available"><![CDATA[1]]></item>
			<item id="adminid"><![CDATA[1]]></item>
			<item id="name"><![CDATA[自動封面助手]]></item>
			<item id="identifier"><![CDATA[iplus_autocover]]></item>
			<item id="description"><![CDATA[自動封面助手 for Discuz! 作者 艾普拉斯 功能介紹：自動獲取回復樓層里面的圖片作為帖子的封面，優化圖片列表顯示方式！]]></item>
			<item id="datatables"><![CDATA[]]></item>
			<item id="directory"><![CDATA[iplus_autocover/]]></item>
			<item id="copyright"><![CDATA[源碼哥（www.ymg6.com）]]></item>
			<item id="version"><![CDATA[v2.5.0]]></item>
			<item id="__modules">
				<item id="0">
					<item id="name"><![CDATA[hook]]></item>
					<item id="param"><![CDATA[]]></item>
					<item id="menu"><![CDATA[]]></item>
					<item id="url"><![CDATA[]]></item>
					<item id="type"><![CDATA[11]]></item>
					<item id="adminid"><![CDATA[0]]></item>
					<item id="displayorder"><![CDATA[0]]></item>
					<item id="navtitle"><![CDATA[]]></item>
					<item id="navicon"><![CDATA[]]></item>
					<item id="navsubname"><![CDATA[]]></item>
					<item id="navsuburl"><![CDATA[]]></item>
				</item>
				<item id="1">
					<item id="name"><![CDATA[status]]></item>
					<item id="param"><![CDATA[]]></item>
					<item id="menu"><![CDATA[組件檢測]]></item>
					<item id="url"><![CDATA[]]></item>
					<item id="type"><![CDATA[3]]></item>
					<item id="adminid"><![CDATA[0]]></item>
					<item id="displayorder"><![CDATA[1]]></item>
					<item id="navtitle"><![CDATA[]]></item>
					<item id="navicon"><![CDATA[]]></item>
					<item id="navsubname"><![CDATA[]]></item>
					<item id="navsuburl"><![CDATA[]]></item>
				</item>
				<item id="2">
					<item id="name"><![CDATA[apps]]></item>
					<item id="param"><![CDATA[]]></item>
					<item id="menu"><![CDATA[應用推薦]]></item>
					<item id="url"><![CDATA[]]></item>
					<item id="type"><![CDATA[3]]></item>
					<item id="adminid"><![CDATA[0]]></item>
					<item id="displayorder"><![CDATA[99]]></item>
					<item id="navtitle"><![CDATA[]]></item>
					<item id="navicon"><![CDATA[]]></item>
					<item id="navsubname"><![CDATA[]]></item>
					<item id="navsuburl"><![CDATA[]]></item>
				</item>
				<item id="1999">
					<item id="name"><![CDATA[admincp_addonymg]]></item>
					<item id="menu"><![CDATA[<span style="color:#E53333;"><b>反饋錯誤</b></span>]]></item>
					<item id="url"><![CDATA[]]></item>
					<item id="type"><![CDATA[3]]></item>
					<item id="adminid"><![CDATA[0]]></item>
					<item id="displayorder"><![CDATA[0]]></item>
					<item id="navtitle"><![CDATA[]]></item>
					<item id="navicon"><![CDATA[]]></item>
					<item id="navsubname"><![CDATA[]]></item>
					<item id="navsuburl"><![CDATA[]]></item>
				</item>
			</item>
		</item>
		<item id="version"><![CDATA[X2,X2.5,X3,X3.1,X3.2,F1.0,L1.0,X3.3,X3.4]]></item>
		<item id="var">
			<item id="0">
				<item id="displayorder"><![CDATA[1]]></item>
				<item id="title"><![CDATA[圖片最小寬度]]></item>
				<item id="description"><![CDATA[單位：px，填寫數字，選擇調取圖片的最小寬度，以避免過小的圖片被調至封面！]]></item>
				<item id="variable"><![CDATA[width]]></item>
				<item id="type"><![CDATA[number]]></item>
				<item id="value"><![CDATA[200]]></item>
				<item id="extra"><![CDATA[]]></item>
			</item>
			<item id="1">
				<item id="displayorder"><![CDATA[3]]></item>
				<item id="title"><![CDATA[開啟本地附件識別]]></item>
				<item id="description"><![CDATA[1、開啟后，本插件將在主帖無圖片的情況下，自動從回復中調用本地圖片附件作為封面
2、開啟下面任意一種功能，此處必須開啟]]></item>
				<item id="variable"><![CDATA[localsrc]]></item>
				<item id="type"><![CDATA[radio]]></item>
				<item id="value"><![CDATA[1]]></item>
				<item id="extra"><![CDATA[]]></item>
			</item>
			<item id="2">
				<item id="displayorder"><![CDATA[4]]></item>
				<item id="title"><![CDATA[[*]開啟外部圖片識別]]></item>
				<item id="description"><![CDATA[[*]1、需要安裝本插件外部圖片組件包:http://addon.discuz.com/?@iplus_autocover.plugin
2、開啟后，在帖子沒有圖片附件的情況下，插件從貼中插進入的外部圖片中調用為帖子封面]]></item>
				<item id="variable"><![CDATA[srcopen]]></item>
				<item id="type"><![CDATA[radio]]></item>
				<item id="value"><![CDATA[1]]></item>
				<item id="extra"><![CDATA[]]></item>
			</item>
			<item id="3">
				<item id="displayorder"><![CDATA[5]]></item>
				<item id="title"><![CDATA[[*]開啟遠程附件識別]]></item>
				<item id="description"><![CDATA[[*]1、需要安裝本插件遠程附件組件包:http://addon.discuz.com/?@iplus_autocover.plugin
2、開啟后，開啟了遠程附件的情況下，本插件自動調用為帖子封面]]></item>
				<item id="variable"><![CDATA[remoteopen]]></item>
				<item id="type"><![CDATA[radio]]></item>
				<item id="value"><![CDATA[0]]></item>
				<item id="extra"><![CDATA[]]></item>
			</item>
			<item id="4">
				<item id="displayorder"><![CDATA[6]]></item>
				<item id="title"><![CDATA[[*]遠程附件訪問路徑]]></item>
				<item id="description"><![CDATA[[*]1、需要安裝本插件遠程附件組件包:http://addon.discuz.com/?@iplus_autocover.plugin
2、默認可留空，本插件將自動識別遠程附件設置，當識別不準確的時候再在此處微調！
3、以http或者ftp開頭，結尾不要加斜杠“/”
例如完整地址是：http://att.discuz.net/data/attac ...]]></item>
				<item id="variable"><![CDATA[remote]]></item>
				<item id="type"><![CDATA[text]]></item>
				<item id="value"><![CDATA[]]></item>
				<item id="extra"><![CDATA[]]></item>
			</item>
		</item>
		<item id="language">
			<item id="scriptlang">
				<item id="appname"><![CDATA[自動封面助手]]></item>
				<item id="tips"><![CDATA[組件檢測]]></item>
				<item id="name"><![CDATA[組件名稱]]></item>
				<item id="status"><![CDATA[組件狀態]]></item>
				<item id="info"><![CDATA[組件功能]]></item>
				<item id="remote"><![CDATA[遠程附件組件包]]></item>
				<item id="img"><![CDATA[外部圖片組件包]]></item>
				<item id="down"><![CDATA[下載]]></item>
				<item id="remoteinfo"><![CDATA[開啟了遠程附件、云附件的站點需要安裝此組件，在開啟了遠程附件的情況下，本插件自動調用為帖子封面]]></item>
				<item id="imginfo"><![CDATA[在帖子沒有圖片附件的情況下，如果帖子有外部插入圖片，插件將從貼中插進入的外部圖片中調用為帖子封面]]></item>
				<item id="status_1"><![CDATA[已安裝]]></item>
				<item id="status_2"><![CDATA[未安裝]]></item>
			</item>
			<item id="templatelang">
				<item id="appname"><![CDATA[自動封面助手]]></item>
			</item>
		</item>
		<item id="installfile"><![CDATA[install.php]]></item>
		<item id="uninstallfile"><![CDATA[uninstall.php]]></item>
	</item>
</root>