<?xml version="1.0" encoding="ISO-8859-1"?>
<root>
	<item id="Title"><![CDATA[Discuz! Plugin]]></item>
	<item id="Version"><![CDATA[X2,X2.5,X3,X3.1,X3.2,X3.3,X3.4,F1.0,L1.0]]></item>
	<item id="Time"><![CDATA[2018-06-18 13:24]]></item>
	<item id="From"><![CDATA[CAOGEN8 (http://www.cgzz8.com/)]]></item>
	<item id="Data">
		<item id="plugin">
			<item id="available"><![CDATA[1]]></item>
			<item id="adminid"><![CDATA[1]]></item>
			<item id="name"><![CDATA[豬豬俠淘寶客]]></item>
			<item id="identifier"><![CDATA[zhuzhu_taobao]]></item>
			<item id="description"><![CDATA[喜歡就來多提意見哦，我慢慢完善]]></item>
			<item id="datatables"><![CDATA[]]></item>
			<item id="directory"><![CDATA[zhuzhu_taobao/]]></item>
			<item id="copyright"><![CDATA[豬豬俠]]></item>
			<item id="version"><![CDATA[1.1.4]]></item>
			<item id="__modules">
				<item id="0">
					<item id="name"><![CDATA[zhuzhu_taobao]]></item>
					<item id="param"><![CDATA[]]></item>
					<item id="menu"><![CDATA[豬豬俠淘寶客]]></item>
					<item id="url"><![CDATA[plugin.php?id=zhuzhu_taobao]]></item>
					<item id="type"><![CDATA[1]]></item>
					<item id="adminid"><![CDATA[0]]></item>
					<item id="displayorder"><![CDATA[0]]></item>
					<item id="navtitle"><![CDATA[]]></item>
					<item id="navicon"><![CDATA[]]></item>
					<item id="navsubname"><![CDATA[]]></item>
					<item id="navsuburl"><![CDATA[]]></item>
				</item>
				<item id="1">
					<item id="name"><![CDATA[admincp_brand]]></item>
					<item id="param"><![CDATA[]]></item>
					<item id="menu"><![CDATA[品牌主題]]></item>
					<item id="url"><![CDATA[]]></item>
					<item id="type"><![CDATA[3]]></item>
					<item id="adminid"><![CDATA[0]]></item>
					<item id="displayorder"><![CDATA[1]]></item>
					<item id="navtitle"><![CDATA[]]></item>
					<item id="navicon"><![CDATA[]]></item>
					<item id="navsubname"><![CDATA[]]></item>
					<item id="navsuburl"><![CDATA[]]></item>
				</item>
				<item id="2">
					<item id="name"><![CDATA[admincp_category]]></item>
					<item id="param"><![CDATA[]]></item>
					<item id="menu"><![CDATA[優惠券分類]]></item>
					<item id="url"><![CDATA[]]></item>
					<item id="type"><![CDATA[3]]></item>
					<item id="adminid"><![CDATA[0]]></item>
					<item id="displayorder"><![CDATA[2]]></item>
					<item id="navtitle"><![CDATA[]]></item>
					<item id="navicon"><![CDATA[]]></item>
					<item id="navsubname"><![CDATA[]]></item>
					<item id="navsuburl"><![CDATA[]]></item>
				</item>
				<item id="3">
					<item id="name"><![CDATA[admincp_cat]]></item>
					<item id="param"><![CDATA[]]></item>
					<item id="menu"><![CDATA[淘寶客分類]]></item>
					<item id="url"><![CDATA[]]></item>
					<item id="type"><![CDATA[3]]></item>
					<item id="adminid"><![CDATA[0]]></item>
					<item id="displayorder"><![CDATA[3]]></item>
					<item id="navtitle"><![CDATA[]]></item>
					<item id="navicon"><![CDATA[]]></item>
					<item id="navsubname"><![CDATA[]]></item>
					<item id="navsuburl"><![CDATA[]]></item>
				</item>
				<item id="4">
					<item id="name"><![CDATA[admincp_seo]]></item>
					<item id="param"><![CDATA[]]></item>
					<item id="menu"><![CDATA[SEO優化]]></item>
					<item id="url"><![CDATA[]]></item>
					<item id="type"><![CDATA[3]]></item>
					<item id="adminid"><![CDATA[0]]></item>
					<item id="displayorder"><![CDATA[4]]></item>
					<item id="navtitle"><![CDATA[]]></item>
					<item id="navicon"><![CDATA[]]></item>
					<item id="navsubname"><![CDATA[]]></item>
					<item id="navsuburl"><![CDATA[]]></item>
				</item>
				<item id="5">
					<item id="name"><![CDATA[admincp_rewrite]]></item>
					<item id="param"><![CDATA[]]></item>
					<item id="menu"><![CDATA[URL靜態化]]></item>
					<item id="url"><![CDATA[]]></item>
					<item id="type"><![CDATA[3]]></item>
					<item id="adminid"><![CDATA[0]]></item>
					<item id="displayorder"><![CDATA[5]]></item>
					<item id="navtitle"><![CDATA[]]></item>
					<item id="navicon"><![CDATA[]]></item>
					<item id="navsubname"><![CDATA[]]></item>
					<item id="navsuburl"><![CDATA[]]></item>
				</item>
				<item id="6">
					<item id="name"><![CDATA[rewrite]]></item>
					<item id="param"><![CDATA[]]></item>
					<item id="menu"><![CDATA[]]></item>
					<item id="url"><![CDATA[]]></item>
					<item id="type"><![CDATA[11]]></item>
					<item id="adminid"><![CDATA[0]]></item>
					<item id="displayorder"><![CDATA[6]]></item>
					<item id="navtitle"><![CDATA[]]></item>
					<item id="navicon"><![CDATA[]]></item>
					<item id="navsubname"><![CDATA[]]></item>
					<item id="navsuburl"><![CDATA[]]></item>
				</item>
			</item>
		</item>
		<item id="version"><![CDATA[X2,X2.5,X3,X3.1,X3.2,X3.3,X3.4,F1.0,L1.0]]></item>
		<item id="var">
			<item id="0">
				<item id="displayorder"><![CDATA[1]]></item>
				<item id="title"><![CDATA[Appkey]]></item>
				<item id="description"><![CDATA[通過阿里媽媽推廣渠道進行申請]]></item>
				<item id="variable"><![CDATA[appkey]]></item>
				<item id="type"><![CDATA[text]]></item>
				<item id="value"><![CDATA[23299839]]></item>
				<item id="extra"><![CDATA[]]></item>
			</item>
			<item id="1">
				<item id="displayorder"><![CDATA[2]]></item>
				<item id="title"><![CDATA[Appsecret]]></item>
				<item id="description"><![CDATA[]]></item>
				<item id="variable"><![CDATA[appsecret]]></item>
				<item id="type"><![CDATA[text]]></item>
				<item id="value"><![CDATA[d64b0a93eb341c8119a2d0ab1180ca7e]]></item>
				<item id="extra"><![CDATA[]]></item>
			</item>
			<item id="2">
				<item id="displayorder"><![CDATA[3]]></item>
				<item id="title"><![CDATA[阿里媽媽PID]]></item>
				<item id="description"><![CDATA[格式 mm_xxx_xxx_xxx]]></item>
				<item id="variable"><![CDATA[adzoneid]]></item>
				<item id="type"><![CDATA[text]]></item>
				<item id="value"><![CDATA[mm_10057687_4196604_83858245]]></item>
				<item id="extra"><![CDATA[]]></item>
			</item>
			<item id="3">
				<item id="displayorder"><![CDATA[4]]></item>
				<item id="title"><![CDATA[PC導航菜單設置]]></item>
				<item id="description"><![CDATA[按住 CTRL 鍵進行多選
未選中則不顯示在導航中]]></item>
				<item id="variable"><![CDATA[nav_show]]></item>
				<item id="type"><![CDATA[selects]]></item>
				<item id="extra"><![CDATA[index=首頁
tbk=淘寶精選
9k9=9塊9包郵
uatm=優品匯
tqg=淘搶購
tbrand=品牌特賣
quan=優惠券直播
qmenu=快捷導航]]></item>
				<item id="__value">
					<item id="0"><![CDATA[index]]></item>
					<item id="1"><![CDATA[tbk]]></item>
					<item id="2"><![CDATA[9k9]]></item>
					<item id="3"><![CDATA[uatm]]></item>
					<item id="4"><![CDATA[tqg]]></item>
					<item id="5"><![CDATA[tbrand]]></item>
					<item id="6"><![CDATA[quan]]></item>
					<item id="7"><![CDATA[qmenu]]></item>
				</item>
			</item>
			<item id="4">
				<item id="displayorder"><![CDATA[5]]></item>
				<item id="title"><![CDATA[頁面色系]]></item>
				<item id="description"><![CDATA[格式 #FFFFFF]]></item>
				<item id="variable"><![CDATA[color_style]]></item>
				<item id="type"><![CDATA[color]]></item>
				<item id="value"><![CDATA[]]></item>
				<item id="extra"><![CDATA[]]></item>
			</item>
			<item id="5">
				<item id="displayorder"><![CDATA[6]]></item>
				<item id="title"><![CDATA[WAP端詳情頁同類產品推薦啟用]]></item>
				<item id="description"><![CDATA[]]></item>
				<item id="variable"><![CDATA[jump_url_other]]></item>
				<item id="type"><![CDATA[radio]]></item>
				<item id="value"><![CDATA[0]]></item>
				<item id="extra"><![CDATA[]]></item>
			</item>
			<item id="6">
				<item id="displayorder"><![CDATA[7]]></item>
				<item id="title"><![CDATA[頭部搜索框旁廣告]]></item>
				<item id="description"><![CDATA[請填寫圖片絕對路徑
尺寸︰高度110px 寬度: 310px]]></item>
				<item id="variable"><![CDATA[search_right_img]]></item>
				<item id="type"><![CDATA[text]]></item>
				<item id="value"><![CDATA[]]></item>
				<item id="extra"><![CDATA[]]></item>
			</item>
			<item id="7">
				<item id="displayorder"><![CDATA[8]]></item>
				<item id="title"><![CDATA[首頁幻燈片(750X340)]]></item>
				<item id="description"><![CDATA[手機端和電腦端同步
格式如下︰
圖片地址#連接地址#顏色值
一行一條]]></item>
				<item id="variable"><![CDATA[index_slide]]></item>
				<item id="type"><![CDATA[textarea]]></item>
				<item id="value"><![CDATA[https://img.alicdn.com/tfs/TB1lD97aRDH8KJjSspnXXbNAVXa-750-340.jpg#http://localhost/#47a5eb
https://img.alicdn.com/tfs/TB1GaDaaL6H8KJjSspmXXb2WXXa-750-340.jpg#http://localhost/#ffb135]]></item>
				<item id="extra"><![CDATA[]]></item>
			</item>
			<item id="8">
				<item id="displayorder"><![CDATA[9]]></item>
				<item id="title"><![CDATA[首頁左側幻燈片(220X340)]]></item>
				<item id="description"><![CDATA[格式如下︰
圖片地址#連接地址
一行一條]]></item>
				<item id="variable"><![CDATA[index_left_slide]]></item>
				<item id="type"><![CDATA[textarea]]></item>
				<item id="value"><![CDATA[https://img.alicdn.com/tfs/TB1f9HNdBTH8KJjy0FiXXcRsXXa-440-680.jpg#111
https://img.alicdn.com/tfs/TB1eKnSdv6H8KJjy0FjXXaXepXa-440-680.jpg#222]]></item>
				<item id="extra"><![CDATA[]]></item>
			</item>
			<item id="9">
				<item id="displayorder"><![CDATA[10]]></item>
				<item id="title"><![CDATA[手機版首頁廣告（三圖）]]></item>
				<item id="description"><![CDATA[三張圖片圖片寬度一致，第二張和第三張的高度為第一張的1/2
格式為 圖片地址#連接地址]]></item>
				<item id="variable"><![CDATA[wap_index_baner_3]]></item>
				<item id="type"><![CDATA[textarea]]></item>
				<item id="value"><![CDATA[http://img62.ddimg.cn/upload_img/00389/44/1115dingdanye-350X386.jpg#url
http://img60.ddimg.cn/upload_img/00601/111/fandxbs.jpg#url
http://img55.ddimg.cn/165850025778775_y.jpg#urll]]></item>
				<item id="extra"><![CDATA[]]></item>
			</item>
			<item id="10">
				<item id="displayorder"><![CDATA[11]]></item>
				<item id="title"><![CDATA[LOGO]]></item>
				<item id="description"><![CDATA[直接填寫LOGO地址
圖片尺寸不高于70px，不寬于310px
如留空則顯示論壇Logo]]></item>
				<item id="variable"><![CDATA[logo]]></item>
				<item id="type"><![CDATA[text]]></item>
				<item id="value"><![CDATA[]]></item>
				<item id="extra"><![CDATA[]]></item>
			</item>
			<item id="11">
				<item id="displayorder"><![CDATA[12]]></item>
				<item id="title"><![CDATA[優惠券默認關鍵詞]]></item>
				<item id="description"><![CDATA[多關鍵詞請以空格間隔]]></item>
				<item id="variable"><![CDATA[q_key]]></item>
				<item id="type"><![CDATA[text]]></item>
				<item id="value"><![CDATA[婚紗 禮服]]></item>
				<item id="extra"><![CDATA[]]></item>
			</item>
			<item id="12">
				<item id="displayorder"><![CDATA[13]]></item>
				<item id="title"><![CDATA[淘寶客默認關鍵詞]]></item>
				<item id="description"><![CDATA[]]></item>
				<item id="variable"><![CDATA[t_key]]></item>
				<item id="type"><![CDATA[text]]></item>
				<item id="value"><![CDATA[]]></item>
				<item id="extra"><![CDATA[]]></item>
			</item>
			<item id="13">
				<item id="displayorder"><![CDATA[14]]></item>
				<item id="title"><![CDATA[搜索推薦關鍵詞]]></item>
				<item id="description"><![CDATA[每個關鍵詞以|間隔]]></item>
				<item id="variable"><![CDATA[hot_key]]></item>
				<item id="type"><![CDATA[text]]></item>
				<item id="value"><![CDATA[茶幾|鏡櫃|美縫劑|櫥櫃|文件夾|瑜伽|綠茶|保溫杯|北歐|電視櫃|花架|燃氣灶|音響|沐浴露]]></item>
				<item id="extra"><![CDATA[]]></item>
			</item>
		</item>
		<item id="language">
			<item id="scriptlang">
				<item id="seo_update_succeed"><![CDATA[SEO設置完成]]></item>
				<item id="seokeytip"><![CDATA[多個關鍵詞請使用英文逗號間隔，此關鍵詞將顯示在頁面最底部]]></item>
				<item id="no_uatm"><![CDATA[未創建淘寶聯盟選品庫]]></item>
				<item id="no_rewrite"><![CDATA[<a href="https://www.caogen8.co/t-33648-1-1.html">您還未購買偽靜態組件，請到應用中心購買後使用</a>]]></item>
				<item id="admincp_rewrite_update_succeed"><![CDATA[偽靜態設置成功\]]></item>
				<item id="rule"><![CDATA[規則]]></item>
				<item id="var"><![CDATA[標記]]></item>
				<item id="page"><![CDATA[頁面]]></item>
				<item id="admincp_rewritestatus"><![CDATA[豬豬俠淘寶客偽靜態規則]]></item>
				<item id="admincp_rewrite_tips"><![CDATA[URL 靜態化可以提高搜索引擎抓取，開啟本功\能需要對 Web 服務器增加相應的 Rewrite 支持，且會輕微增加服務器負擔。同時您還可以調整每個頁面的靜態格式，但不得刪除其中的標記，重置靜態格式請留空。注意，修改靜態格式後您需要修改服務器的 Rewrite 規則設置 <a href="admin.php?action=plugins&operation=config&identifier=zhuzhu_taobao&pmod=admincp_rewrite&ac=rule" style="color:#2366A8;font-weight: bold">查看當前的 Rewrite 規則</a>]]></item>
				<item id="page_tqg"><![CDATA[淘搶購]]></item>
				<item id="page_quan"><![CDATA[優惠券]]></item>
				<item id="page_brand"><![CDATA[淘品牌]]></item>
				<item id="page_uatm"><![CDATA[優品匯]]></item>
				<item id="page_tbk"><![CDATA[淘寶客]]></item>
				<item id="seodescription"><![CDATA[頁面描述]]></item>
				<item id="seokeywords"><![CDATA[頁面關鍵詞]]></item>
				<item id="page_index"><![CDATA[首頁]]></item>
				<item id="seotitle"><![CDATA[頁面標題]]></item>
				<item id="typearr_4"><![CDATA[營銷計劃]]></item>
				<item id="typearr_3"><![CDATA[定向招商]]></item>
				<item id="typearr_2"><![CDATA[鵲橋]]></item>
				<item id="typearr_1"><![CDATA[通用]]></item>
				<item id="update_succeed"><![CDATA[編輯成功\]]></item>
				<item id="tb_cat"><![CDATA[淘寶客分類]]></item>
				<item id="add_cat"><![CDATA[新增淘寶客分類]]></item>
				<item id="cate_edit_succeed"><![CDATA[分類編輯成功\]]></item>
				<item id="add_subcate"><![CDATA[新增子分類]]></item>
				<item id="add_cate"><![CDATA[新增分類]]></item>
				<item id="brand_edit_succeed"><![CDATA[品牌編輯成功\]]></item>
				<item id="big_banner"><![CDATA[詳情頁頂部橫幅]]></item>
				<item id="banner"><![CDATA[左側橫幅]]></item>
				<item id="category_id"><![CDATA[分類ID]]></item>
				<item id="keyword"><![CDATA[關鍵詞]]></item>
				<item id="brand_update_succeed"><![CDATA[品牌更新成功\]]></item>
				<item id="add_brand"><![CDATA[新增品牌]]></item>
				<item id="category"><![CDATA[分類]]></item>
				<item id="displayorder"><![CDATA[排序]]></item>
			</item>
			<item id="templatelang">
				<item id="jump_url_htm_35"><![CDATA[基本信息]]></item>
				<item id="jump_url_htm_34"><![CDATA[熱門搜索]]></item>
				<item id="jump_url_htm_33"><![CDATA[暫無]]></item>
				<item id="jump_url_htm_32"><![CDATA[歷史搜索]]></item>
				<item id="quxiao"><![CDATA[取消]]></item>
				<item id="home_page"><![CDATA[首頁]]></item>
				<item id="jump_url_htm_31"><![CDATA[返利]]></item>
				<item id="jump_url_htm_30"><![CDATA[長按圖片保存到相冊]]></item>
				<item id="enter"><![CDATA[進入]]></item>
				<item id="jump_url_htm_29"><![CDATA[下載手機淘寶APP]]></item>
				<item id="jump_url_htm_28"><![CDATA[您也可以下載APP，隨時隨地買買買]]></item>
				<item id="jump_url_htm_27"><![CDATA[可以繼續瀏覽購買哦~]]></item>
				<item id="jump_url_htm_26"><![CDATA[Safari打開]]></item>
				<item id="jump_url_htm_25"><![CDATA[點擊右上角]]></item>
				<item id="delivery_score"><![CDATA[物流服務]]></item>
				<item id="item_score"><![CDATA[寶貝描述]]></item>
				<item id="service_score"><![CDATA[服務態度]]></item>
				<item id="1jump_url_htm_1"><![CDATA[領券省]]></item>
				<item id="1jump_url_htm_2"><![CDATA[元]]></item>
				<item id="1jump_url_htm_3"><![CDATA[收藏]]></item>
				<item id="1jump_url_htm_4"><![CDATA[已售]]></item>
				<item id="1jump_url_htm_5"><![CDATA[同類商品推薦]]></item>
				<item id="1jump_url_htm_6"><![CDATA[首頁]]></item>
				<item id="1jump_url_htm_7"><![CDATA[店鋪]]></item>
				<item id="1jump_url_htm_8"><![CDATA[分享]]></item>
				<item id="1jump_url_htm_9"><![CDATA[直接領券]]></item>
				<item id="1jump_url_htm_10"><![CDATA[復制淘口令]]></item>
				<item id="1jump_url_htm_11"><![CDATA[直接購買]]></item>
				<item id="1jump_url_htm_12"><![CDATA[復制成功\]]></item>
				<item id="1jump_url_htm_13"><![CDATA[復制失敗]]></item>
				<item id="1scroll_htm_1"><![CDATA[數據加載中]]></item>
				<item id="1scroll_htm_2"><![CDATA[我是有底線的哦]]></item>
				<item id="1t_footer_htm_2"><![CDATA[淘搶購]]></item>
				<item id="1t_footer_htm_3"><![CDATA[淘寶精選]]></item>
				<item id="1t_footer_htm_4"><![CDATA[淘品牌]]></item>
				<item id="1t_footer_htm_5"><![CDATA[優惠券]]></item>
				<item id="1t_header_htm_1"><![CDATA[搜寶貝，這里券都有]]></item>
				<item id="1t_header_htm_2"><![CDATA[搜券]]></item>
				<item id="1t_index_htm_1"><![CDATA[已搶]]></item>
				<item id="1t_index_htm_2"><![CDATA[件]]></item>
				<item id="1t_index_htm_5"><![CDATA[券後價]]></item>
				<item id="1t_index_htm_6"><![CDATA[省]]></item>
				<item id="1t_quan_htm_3"><![CDATA[天貓]]></item>
				<item id="1t_quan_htm_4"><![CDATA[淘寶]]></item>
				<item id="1t_quan_htm_5"><![CDATA[領券]]></item>
				<item id="1t_quan_htm_6"><![CDATA[天內售出]]></item>
				<item id="1t_quan_htm_7"><![CDATA[全部]]></item>
				<item id="1t_tbk_htm_2"><![CDATA[默認顯示]]></item>
				<item id="1t_tbk_htm_3"><![CDATA[銷量]]></item>
				<item id="1t_tbk_htm_4"><![CDATA[熱度]]></item>
				<item id="1t_tbk_htm_5"><![CDATA[累計]]></item>
				<item id="1t_tbk_htm_7"><![CDATA[海外]]></item>
				<item id="1t_tkl_htm_1"><![CDATA[淘口令復制]]></item>
				<item id="1t_tkl_htm_2"><![CDATA[點擊虛線框區域復制]]></item>
				<item id="1t_tkl_htm_3"><![CDATA[在點擊復制成功\後，請打開]]></item>
				<item id="1t_tkl_htm_4"><![CDATA[購買]]></item>
				<item id="1t_tkl_htm_5"><![CDATA[注︰若復制失敗，請長按]]></item>
				<item id="1t_tkl_htm_6"><![CDATA[內文字]]></item>
				<item id="1t_tqg_htm_1"><![CDATA[領券拍下立減]]></item>
				<item id="1t_tqg_htm_3"><![CDATA[年m月d日]]></item>
				<item id="1t_tqg_htm_4"><![CDATA[準時開搶]]></item>
				<item id="1t_tqg_htm_7"><![CDATA[即將開始]]></item>
				<item id="1t_tqg_htm_8"><![CDATA[已搶光]]></item>
				<item id="1t_tqg_htm_9"><![CDATA[馬上搶]]></item>
				<item id="1t_tqg_htm_10"><![CDATA[搶購進行中]]></item>
				<item id="1t_tqg_htm_11"><![CDATA[已開搶]]></item>
				<item id="1t_tqg_htm_12"><![CDATA[即將開場]]></item>
				<item id="1t_uatm_htm_1"><![CDATA[優選推薦]]></item>
				<item id="1t_uatm_htm_2"><![CDATA[查看全部138個寶貝]]></item>
				<item id="header_userstatus_htm_1"><![CDATA[立即注冊]]></item>
				<item id="jump_url_htm_1"><![CDATA[豬豬俠淘寶客]]></item>
				<item id="jump_url_htm_2"><![CDATA[淘寶精選]]></item>
				<item id="jump_url_htm_3"><![CDATA[商品詳情]]></item>
				<item id="jump_url_htm_4"><![CDATA[券後價︰]]></item>
				<item id="jump_url_htm_5"><![CDATA[領券省]]></item>
				<item id="jump_url_htm_6"><![CDATA[元]]></item>
				<item id="jump_url_htm_7"><![CDATA[價格︰]]></item>
				<item id="jump_url_htm_8"><![CDATA[在售價]]></item>
				<item id="jump_url_htm_9"><![CDATA[已有]]></item>
				<item id="jump_url_htm_10"><![CDATA[人購買]]></item>
				<item id="jump_url_htm_11"><![CDATA[收藏]]></item>
				<item id="jump_url_htm_12"><![CDATA[復制給朋友]]></item>
				<item id="jump_url_htm_13"><![CDATA[領券購買]]></item>
				<item id="jump_url_htm_14"><![CDATA[立即購買]]></item>
				<item id="jump_url_htm_16"><![CDATA[同類商品推薦]]></item>
				<item id="jump_url_htm_17"><![CDATA[復制成功\，現在可以分享給你的小伙伴咯]]></item>
				<item id="jump_url_htm_18"><![CDATA[名稱︰]]></item>
				<item id="jump_url_htm_23"><![CDATA[原價︰]]></item>
				<item id="jump_url_htm_24"><![CDATA[下單︰]]></item>
				<item id="t_brand_htm_1"><![CDATA[天內售出]]></item>
				<item id="t_brand_htm_2"><![CDATA[券後價]]></item>
				<item id="t_brand_htm_3"><![CDATA[天貓]]></item>
				<item id="t_brand_htm_4"><![CDATA[淘寶]]></item>
				<item id="t_brand_htm_5"><![CDATA[領券]]></item>
				<item id="t_brand_htm_8"><![CDATA[品牌特賣]]></item>
				<item id="t_brand_htm_9"><![CDATA[給你品種安全感]]></item>
				<item id="t_header_htm_1"><![CDATA[搜寶貝，這里券都有]]></item>
				<item id="t_header_htm_2"><![CDATA[搜券]]></item>
				<item id="t_header_htm_3"><![CDATA[首頁]]></item>
				<item id="t_header_htm_5"><![CDATA[塊9包郵]]></item>
				<item id="t_header_htm_6"><![CDATA[優品匯]]></item>
				<item id="t_header_htm_7"><![CDATA[淘搶購]]></item>
				<item id="t_header_htm_9"><![CDATA[優惠券直播]]></item>
				<item id="t_index_htm_1"><![CDATA[歡迎回來，]]></item>
				<item id="t_index_htm_3"><![CDATA[立刻登錄，立刻省錢]]></item>
				<item id="t_index_htm_4"><![CDATA[用戶登錄]]></item>
				<item id="t_index_htm_5"><![CDATA[新用戶注冊]]></item>
				<item id="t_index_htm_6"><![CDATA[距離下一場開始還有]]></item>
				<item id="t_index_htm_7"><![CDATA[更多]]></item>
				<item id="t_index_htm_8"><![CDATA[已搶]]></item>
				<item id="t_index_htm_9"><![CDATA[件]]></item>
				<item id="t_index_htm_10"><![CDATA[庫存告急，快快下手搶]]></item>
				<item id="t_index_htm_11"><![CDATA[！]]></item>
				<item id="t_quan_htm_8"><![CDATA[全部]]></item>
				<item id="t_quan_htm_9"><![CDATA[每天獨家淘寶、天貓優惠券直播]]></item>
				<item id="t_quan_htm_10"><![CDATA[上萬款內部優惠券等你免費領取、讓您享受更多優惠]]></item>
				<item id="t_quan_htm_11"><![CDATA[不要再拉了呀，這次真的沒有了 ！]]></item>
				<item id="t_tbk_htm_1"><![CDATA[商品分類]]></item>
				<item id="t_tbk_htm_3"><![CDATA[特價9塊]]></item>
				<item id="t_tbk_htm_4"><![CDATA[精選39塊]]></item>
				<item id="t_tbk_htm_5"><![CDATA[默認顯示]]></item>
				<item id="t_tbk_htm_6"><![CDATA[銷量]]></item>
				<item id="t_tbk_htm_7"><![CDATA[熱度]]></item>
				<item id="t_tbk_htm_8"><![CDATA[累計]]></item>
				<item id="t_tbk_htm_10"><![CDATA[海外]]></item>
				<item id="t_tbk_htm_11"><![CDATA[價格範圍︰]]></item>
				<item id="t_tbk_htm_12"><![CDATA[清除價格區間]]></item>
				<item id="t_tqg_htm_1"><![CDATA[領券拍下立減]]></item>
				<item id="t_tqg_htm_3"><![CDATA[即將開始]]></item>
				<item id="t_tqg_htm_4"><![CDATA[已搶光]]></item>
				<item id="t_tqg_htm_5"><![CDATA[馬上搶]]></item>
				<item id="t_tqg_htm_6"><![CDATA[年m月d日]]></item>
				<item id="t_tqg_htm_7"><![CDATA[準時開搶]]></item>
				<item id="t_tqg_htm_8"><![CDATA[已搶購]]></item>
				<item id="t_tqg_htm_11"><![CDATA[搶購進行中]]></item>
				<item id="t_tqg_htm_12"><![CDATA[已開搶]]></item>
				<item id="t_tqg_htm_13"><![CDATA[即將開場]]></item>
				<item id="t_uatm_htm_1"><![CDATA[折後]]></item>
				<item id="t_uatm_htm_3"><![CDATA[原價]]></item>
				<item id="t_uatm_htm_4"><![CDATA[天內售出︰]]></item>
			</item>
		</item>
		<item id="installfile"><![CDATA[install.php]]></item>
		<item id="uninstallfile"><![CDATA[uninstall.php]]></item>
		<item id="upgradefile"><![CDATA[upgrade.php]]></item>
	</item>
</root>