<?xml version="1.0" encoding="ISO-8859-1"?>
<root>
	<item id="Title"><![CDATA[Discuz! Plugin]]></item>
	<item id="Version"><![CDATA[X3.4]]></item>
	<item id="Time"><![CDATA[2019-11-13 03:44]]></item>
	<item id="From"><![CDATA[DisM!应用中心 (http://DisM.taobao.com/)]]></item>
	<item id="Data">
		<item id="plugin">
			<item id="available"><![CDATA[1]]></item>
			<item id="adminid"><![CDATA[1]]></item>
			<item id="name"><![CDATA[tag標簽頁偽靜態SEO]]></item>
			<item id="identifier"><![CDATA[exx_tagrewrite]]></item>
			<item id="description"><![CDATA[]]></item>
			<item id="datatables"><![CDATA[]]></item>
			<item id="directory"><![CDATA[exx_tagrewrite/]]></item>
			<item id="copyright"><![CDATA[榜樣]]></item>
			<item id="version"><![CDATA[V4.7]]></item>
			<item id="__modules">
				<item id="0">
					<item id="name"><![CDATA[admin_rewrite]]></item>
					<item id="param"><![CDATA[]]></item>
					<item id="menu"><![CDATA[偽靜態槼則]]></item>
					<item id="url"><![CDATA[]]></item>
					<item id="type"><![CDATA[3]]></item>
					<item id="adminid"><![CDATA[0]]></item>
					<item id="displayorder"><![CDATA[0]]></item>
					<item id="navtitle"><![CDATA[]]></item>
					<item id="navicon"><![CDATA[]]></item>
					<item id="navsubname"><![CDATA[]]></item>
					<item id="navsuburl"><![CDATA[]]></item>
				</item>
				<item id="1">
					<item id="name"><![CDATA[exx_tagrewrite]]></item>
					<item id="param"><![CDATA[]]></item>
					<item id="menu"><![CDATA[]]></item>
					<item id="url"><![CDATA[]]></item>
					<item id="type"><![CDATA[11]]></item>
					<item id="adminid"><![CDATA[0]]></item>
					<item id="displayorder"><![CDATA[0]]></item>
					<item id="navtitle"><![CDATA[]]></item>
					<item id="navicon"><![CDATA[]]></item>
					<item id="navsubname"><![CDATA[]]></item>
					<item id="navsuburl"><![CDATA[]]></item>
				</item>
				<item id="2">
					<item id="name"><![CDATA[app]]></item>
					<item id="param"><![CDATA[]]></item>
					<item id="menu"><![CDATA[<span style="color:red">更多DisM!精品插件</span>]]></item>
					<item id="url"><![CDATA[]]></item>
					<item id="type"><![CDATA[3]]></item>
					<item id="adminid"><![CDATA[0]]></item>
					<item id="displayorder"><![CDATA[10]]></item>
					<item id="navtitle"><![CDATA[]]></item>
					<item id="navicon"><![CDATA[]]></item>
					<item id="navsubname"><![CDATA[]]></item>
					<item id="navsuburl"><![CDATA[]]></item>
				</item>
			</item>
		</item>
		<item id="version"><![CDATA[X2.5,X3,X3.1,X3.2,X3.3,X3.4,F1.0,L1.0]]></item>
		<item id="var">
			<item id="0">
				<item id="displayorder"><![CDATA[1]]></item>
				<item id="title"><![CDATA[是否開啓]]></item>
				<item id="description"><![CDATA[]]></item>
				<item id="variable"><![CDATA[off]]></item>
				<item id="type"><![CDATA[radio]]></item>
				<item id="value"><![CDATA[1]]></item>
				<item id="extra"><![CDATA[]]></item>
			</item>
			<item id="1">
				<item id="displayorder"><![CDATA[2]]></item>
				<item id="title"><![CDATA[靜態url前綴]]></item>
				<item id="description"><![CDATA[]]></item>
				<item id="variable"><![CDATA[prefix]]></item>
				<item id="type"><![CDATA[text]]></item>
				<item id="value"><![CDATA[tag]]></item>
				<item id="extra"><![CDATA[]]></item>
			</item>
			<item id="2">
				<item id="displayorder"><![CDATA[3]]></item>
				<item id="title"><![CDATA[僅對遊客有傚]]></item>
				<item id="description"><![CDATA[]]></item>
				<item id="variable"><![CDATA[yk]]></item>
				<item id="type"><![CDATA[radio]]></item>
				<item id="value"><![CDATA[]]></item>
				<item id="extra"><![CDATA[]]></item>
			</item>
		</item>
		<item id="language">
			<item id="scriptlang">
				<item id="f01"><![CDATA[Apache Web Server(獨立主機用戶)]]></item>
				<item id="f02"><![CDATA[Apache Web Server(虛擬主機用戶)]]></item>
				<item id="f03"><![CDATA[IIS Web Server(獨立主機用戶)]]></item>
				<item id="f05"><![CDATA[IIS7 Web Server(獨立主機用戶)]]></item>
				<item id="f06"><![CDATA[<li>若您的網站啓用了插件偽靜態槼則，則請把以下槼則放置到插件偽靜態槼則上方，否則將會出現“提示插件不存在或已關閉”的提示錯誤。</li><li>請根據您的主機類型選擇相應的槼則使用，如有不明白之処請聯系客服。</li>]]></item>
				<item id="f07"><![CDATA[請先設置url前綴後再來複制偽靜態槼則]]></item>
			</item>
		</item>
		<item id="installfile"><![CDATA[install.php]]></item>
		<item id="checkfile"><![CDATA[check.php]]></item>
		<item id="enablefile"><![CDATA[enable.php]]></item>
	</item>
</root>